2022-10-06 22:48:37;0:0;0:0
2022-10-06 22:48:38;0:1;0:0
2022-10-06 22:48:38;0:1;0:0
2022-10-06 22:48:39;0:2;0:0
2022-10-06 22:48:39;0:2;0:0
2022-10-06 22:48:40;0:3;0:0
2022-10-06 22:48:40;0:3;0:0
2022-10-06 22:48:41;0:4;0:0
2022-10-06 22:48:42;0:4;0:0
2022-10-06 22:48:42;0:5;0:0
2022-10-06 22:48:43;0:5;0:0
2022-10-06 22:48:43;0:6;0:0
2022-10-06 22:48:44;0:6;0:0
2022-10-06 22:48:44;0:7;0:0
2022-10-06 22:48:45;0:7;0:0
2022-10-06 22:48:45;0:8;0:0
2022-10-06 22:48:46;0:8;0:0
2022-10-06 22:48:46;0:9;0:0
2022-10-06 22:48:47;0:10;0:0
2022-10-06 22:48:47;0:10;0:0
2022-10-06 22:48:48;0:11;0:0
2022-10-06 22:48:48;0:11;0:0
2022-10-06 22:48:49;0:12;0:0
2022-10-06 22:48:49;0:12;0:0
2022-10-06 22:48:50;0:13;0:0
2022-10-06 22:48:50;0:13;0:0
2022-10-06 22:48:51;0:14;0:0
2022-10-06 22:48:51;0:14;0:0
2022-10-06 22:48:52;0:15;0:0
2022-10-06 22:48:53;0:15;0:0
2022-10-06 22:48:53;0:16;0:0
2022-10-06 22:48:54;0:16;0:0
2022-10-06 22:48:54;0:17;0:0
2022-10-06 22:48:54;0:17;0:0
2022-10-06 22:48:55;0:18;0:0
2022-10-06 22:48:56;0:18;0:0
2022-10-06 22:48:56;0:19;0:0
2022-10-06 22:48:57;0:19;0:0
2022-10-06 22:48:57;0:20;0:0
2022-10-06 22:48:58;0:20;0:0
2022-10-06 22:48:58;0:21;0:0
2022-10-06 22:48:59;0:21;0:0
2022-10-06 22:48:59;0:22;0:0
2022-10-06 22:49:00;0:22;0:0
2022-10-06 22:49:00;0:23;0:0
2022-10-06 22:49:01;0:24;0:0
2022-10-06 22:49:01;0:24;0:0
2022-10-06 22:49:02;0:25;0:0
2022-10-06 22:49:02;0:25;0:0
2022-10-06 22:49:03;0:26;0:0
2022-10-06 22:49:03;0:26;0:0
2022-10-06 22:49:04;0:27;0:0
2022-10-06 22:49:05;0:27;0:0
2022-10-06 22:49:05;0:28;0:0
2022-10-06 22:49:06;0:28;0:0
2022-10-06 22:49:06;0:29;0:0
2022-10-06 22:49:07;0:29;0:0
2022-10-06 22:49:07;0:30;0:0
2022-10-06 22:49:08;0:30;0:0
2022-10-06 22:49:08;0:31;0:0
2022-10-06 22:49:09;0:31;0:0
2022-10-06 22:49:09;0:32;0:0
2022-10-06 22:49:10;0:32;0:0
2022-10-06 22:49:10;0:33;0:0
2022-10-06 22:49:11;0:34;0:0
2022-10-06 22:49:11;0:34;0:0
2022-10-06 22:49:12;0:35;0:0
2022-10-06 22:49:12;0:35;0:0
2022-10-06 22:49:13;0:36;0:0
2022-10-06 22:49:13;0:36;0:0
2022-10-06 22:49:14;0:37;0:0
2022-10-06 22:49:14;0:37;0:0
2022-10-06 22:49:15;0:38;0:0
2022-10-06 22:49:15;0:38;0:0
2022-10-06 22:49:16;0:39;0:0
2022-10-06 22:49:17;0:39;0:0
2022-10-06 22:49:17;0:40;0:0
2022-10-06 22:49:18;0:40;0:0
2022-10-06 22:49:18;0:41;0:0
2022-10-06 22:49:19;0:41;0:0
2022-10-06 22:49:19;0:42;0:0
2022-10-06 22:49:20;0:42;0:0
2022-10-06 22:49:20;0:43;0:0
2022-10-06 22:49:21;0:43;0:0
2022-10-06 22:49:21;0:44;0:0
2022-10-06 22:49:22;0:44;0:0
2022-10-06 22:49:22;0:45;0:0
2022-10-06 22:49:23;0:45;0:0
2022-10-06 22:49:23;0:46;0:0
2022-10-06 22:49:24;0:47;0:0
2022-10-06 22:49:24;0:47;0:0
2022-10-06 22:49:25;0:48;0:0
2022-10-06 22:49:25;0:48;0:0
2022-10-06 22:49:26;0:49;0:0
2022-10-06 22:49:26;0:49;0:0
2022-10-06 22:49:27;0:50;0:0
2022-10-06 22:49:27;0:50;0:0
2022-10-06 22:49:28;0:51;0:0
2022-10-06 22:49:28;0:51;0:0
2022-10-06 22:49:29;0:52;0:0
2022-10-06 22:49:30;0:52;0:0
2022-10-06 22:49:30;0:53;0:0
2022-10-06 22:49:31;0:53;0:0
2022-10-06 22:49:31;0:54;0:0
2022-10-06 22:49:32;0:54;0:0
2022-10-06 22:49:32;0:55;0:0
2022-10-06 22:49:33;0:55;0:0
2022-10-06 22:49:33;0:56;0:0
2022-10-06 22:49:34;0:56;0:0
2022-10-06 22:49:34;0:57;0:0
2022-10-06 22:49:35;0:57;0:0
2022-10-06 22:49:35;0:58;0:0
2022-10-06 22:49:36;0:58;0:0
2022-10-06 22:49:36;0:59;0:0
2022-10-06 22:49:37;1:0;0:0
2022-10-06 22:49:37;1:0;0:0
2022-10-06 22:49:38;1:0;0:0
2022-10-06 22:49:38;1:1;0:0
2022-10-06 22:49:39;1:2;0:0
2022-10-06 22:49:39;1:2;0:0
2022-10-06 22:49:40;1:3;0:0
2022-10-06 22:49:40;1:3;0:0
2022-10-06 22:49:41;1:4;0:0
2022-10-06 22:49:41;1:4;0:0
2022-10-06 22:49:42;1:5;0:0
2022-10-06 22:49:42;1:5;0:0
2022-10-06 22:49:43;1:6;0:0
2022-10-06 22:49:43;1:6;0:0
2022-10-06 22:49:44;1:7;0:0
2022-10-06 22:49:45;1:7;0:0
2022-10-06 22:49:45;1:8;0:0
2022-10-06 22:49:46;1:8;0:0
2022-10-06 22:49:46;1:9;0:0
2022-10-06 22:49:47;1:9;0:0
2022-10-06 22:49:47;1:10;0:0
2022-10-06 22:49:48;1:10;0:0
2022-10-06 22:49:48;1:11;0:0
2022-10-06 22:49:49;1:12;0:0
2022-10-06 22:49:49;1:12;0:0
2022-10-06 22:49:50;1:13;0:0
2022-10-06 22:49:50;1:13;0:0
2022-10-06 22:49:51;1:14;0:0
2022-10-06 22:49:51;1:14;0:0
2022-10-06 22:49:52;1:15;0:0
2022-10-06 22:49:52;1:15;0:0
2022-10-06 22:49:53;1:16;0:0
2022-10-06 22:49:53;1:16;0:0
2022-10-06 22:49:54;1:17;0:0
2022-10-06 22:49:54;1:17;0:0
2022-10-06 22:49:55;1:18;0:0
2022-10-06 22:49:56;1:18;0:0
2022-10-06 22:49:56;1:19;0:0
2022-10-06 22:49:57;1:19;0:0
2022-10-06 22:49:57;1:20;0:0
2022-10-06 22:49:58;1:20;0:0
2022-10-06 22:49:58;1:21;0:0
2022-10-06 22:49:59;1:21;0:0
2022-10-06 22:49:59;1:22;0:0
2022-10-06 22:50:00;1:22;0:0
2022-10-06 22:50:00;1:23;0:0
2022-10-06 22:50:01;1:23;0:0
2022-10-06 22:50:01;1:24;0:0
2022-10-06 22:50:02;1:24;0:0
2022-10-06 22:50:02;1:25;0:0
2022-10-06 22:50:03;1:26;0:0
2022-10-06 22:50:03;1:26;0:0
2022-10-06 22:50:04;1:27;0:0
2022-10-06 22:50:04;1:27;0:0
2022-10-06 22:50:05;1:28;0:0
2022-10-06 22:50:05;1:28;0:0
2022-10-06 22:50:06;1:29;0:0
2022-10-06 22:50:06;1:29;0:0
2022-10-06 22:50:07;1:30;0:0
2022-10-06 22:50:07;1:30;0:0
2022-10-06 22:50:08;1:31;0:0
2022-10-06 22:50:09;1:31;0:0
2022-10-06 22:50:09;1:32;0:0
2022-10-06 22:50:10;1:32;0:0
2022-10-06 22:50:10;1:33;0:0
2022-10-06 22:50:11;1:33;0:0
2022-10-06 22:50:11;1:34;0:0
2022-10-06 22:50:12;1:34;0:0
2022-10-06 22:50:12;1:35;0:0
2022-10-06 22:50:13;1:35;0:0
2022-10-06 22:50:13;1:36;0:0
2022-10-06 22:50:14;1:36;0:0
2022-10-06 22:50:14;1:37;0:0
2022-10-06 22:50:15;1:38;0:0
2022-10-06 22:50:15;1:38;0:0
2022-10-06 22:50:16;1:39;0:0
2022-10-06 22:50:16;1:39;0:0
2022-10-06 22:50:17;1:40;0:0
2022-10-06 22:50:17;1:40;0:0
2022-10-06 22:50:18;1:41;0:0
2022-10-06 22:50:18;1:41;0:0
2022-10-06 22:50:19;1:42;0:0
2022-10-06 22:50:19;1:42;0:0
2022-10-06 22:50:20;1:43;0:0
2022-10-06 22:50:21;1:43;0:0
2022-10-06 22:50:21;1:44;0:0
2022-10-06 22:50:22;1:44;0:0
2022-10-06 22:50:22;1:45;0:0
2022-10-06 22:50:23;1:45;0:0
2022-10-06 22:50:23;1:46;0:0
2022-10-06 22:50:24;1:46;0:0
2022-10-06 22:50:24;1:47;0:0
2022-10-06 22:50:25;1:47;0:0
2022-10-06 22:50:25;1:48;0:0
2022-10-06 22:50:26;1:48;0:0
2022-10-06 22:50:26;1:49;0:0
2022-10-06 22:50:27;1:49;0:0
2022-10-06 22:50:27;1:50;0:0
2022-10-06 22:50:28;1:50;0:0
2022-10-06 22:50:28;1:51;0:0
2022-10-06 22:50:29;1:51;0:0
2022-10-06 22:50:29;1:52;0:0
2022-10-06 22:50:30;1:52;0:0
2022-10-06 22:50:30;1:53;0:0
2022-10-06 22:50:31;1:54;0:0
2022-10-06 22:50:31;1:54;0:0
2022-10-06 22:50:32;1:55;0:0
2022-10-06 22:50:32;1:55;0:0
2022-10-06 22:50:33;1:56;0:0
2022-10-06 22:50:33;1:56;0:0
2022-10-06 22:50:34;1:57;0:0
2022-10-06 22:50:34;1:57;0:0
2022-10-06 22:50:35;1:58;0:0
2022-10-06 22:50:35;1:58;0:0
2022-10-06 22:50:36;1:59;0:0
2022-10-06 22:50:36;1:59;0:0
2022-10-06 22:50:37;2:0;0:0
2022-10-06 22:50:37;2:0;0:0
2022-10-06 22:50:38;2:1;0:0
2022-10-06 22:50:39;2:1;0:0
2022-10-06 22:50:39;2:2;0:0
2022-10-06 22:50:40;2:2;0:0
2022-10-06 22:50:40;2:3;0:0
2022-10-06 22:50:41;2:3;0:0
2022-10-06 22:50:41;2:4;0:0
2022-10-06 22:50:42;2:4;0:0
2022-10-06 22:50:42;2:5;0:0
2022-10-06 22:50:43;2:5;0:0
2022-10-06 22:50:43;2:6;0:0
2022-10-06 22:50:44;2:6;0:0
2022-10-06 22:50:44;2:7;0:0
2022-10-06 22:50:45;2:7;0:0
2022-10-06 22:50:45;2:8;0:0
2022-10-06 22:50:46;2:8;0:0
2022-10-06 22:50:46;2:9;0:0
2022-10-06 22:50:47;2:9;0:0
2022-10-06 22:50:47;2:10;0:0
2022-10-06 22:50:48;2:10;0:0
2022-10-06 22:50:48;2:11;0:0
2022-10-06 22:50:49;2:11;0:0
2022-10-06 22:50:49;2:12;0:0
2022-10-06 22:50:50;2:12;0:0
2022-10-06 22:50:50;2:13;0:0
2022-10-06 22:50:51;2:13;0:0
2022-10-06 22:50:51;2:14;0:0
2022-10-06 22:50:52;2:14;0:0
2022-10-06 22:50:52;2:15;0:0
2022-10-06 22:50:53;2:15;0:0
2022-10-06 22:50:53;2:16;0:0
2022-10-06 22:50:54;2:16;0:0
2022-10-06 22:50:54;2:17;0:0
2022-10-06 22:50:55;2:17;0:0
2022-10-06 22:50:55;2:18;0:0
2022-10-06 22:50:56;2:19;0:0
2022-10-06 22:50:56;2:19;0:0
2022-10-06 22:50:57;2:20;0:0
2022-10-06 22:50:57;2:20;0:0
2022-10-06 22:50:58;2:21;0:0
2022-10-06 22:50:58;2:21;0:0
2022-10-06 22:50:59;2:22;0:0
2022-10-06 22:50:59;2:22;0:0
2022-10-06 22:51:00;2:23;0:0
2022-10-06 22:51:01;2:24;0:0
2022-10-06 22:51:01;2:24;0:0
2022-10-06 22:51:02;2:25;0:0
2022-10-06 22:51:02;2:25;0:0
2022-10-06 22:51:03;2:26;0:0
2022-10-06 22:51:04;2:26;0:0
2022-10-06 22:51:04;2:27;0:0
2022-10-06 22:51:05;2:27;0:0
2022-10-06 22:51:05;2:28;0:0
2022-10-06 22:51:06;2:28;0:0
2022-10-06 22:51:06;2:29;0:0
2022-10-06 22:51:07;2:29;0:0
2022-10-06 22:51:07;2:30;0:0
2022-10-06 22:51:08;2:31;0:0
2022-10-06 22:51:08;2:31;0:0
2022-10-06 22:51:09;2:32;0:0
2022-10-06 22:51:09;2:32;0:0
2022-10-06 22:51:10;2:33;0:0
2022-10-06 22:51:10;2:33;0:0
2022-10-06 22:51:11;2:34;0:0
2022-10-06 22:51:11;2:34;0:0
2022-10-06 22:51:12;2:35;0:0
2022-10-06 22:51:13;2:35;0:0
2022-10-06 22:51:13;2:36;0:0
2022-10-06 22:51:14;2:36;0:0
2022-10-06 22:51:14;2:37;0:0
2022-10-06 22:51:15;2:37;0:0
2022-10-06 22:51:15;2:38;0:0
2022-10-06 22:51:16;2:38;0:0
2022-10-06 22:51:16;2:39;0:0
2022-10-06 22:51:17;2:39;0:0
2022-10-06 22:51:17;2:40;0:0
2022-10-06 22:51:18;2:40;0:0
2022-10-06 22:51:18;2:41;0:0
2022-10-06 22:51:19;2:41;0:0
2022-10-06 22:51:19;2:42;0:0
2022-10-06 22:51:20;2:42;0:0
2022-10-06 22:51:20;2:43;0:0
2022-10-06 22:51:21;2:43;0:0
2022-10-06 22:51:21;2:44;0:0
2022-10-06 22:51:22;2:44;0:0
2022-10-06 22:51:22;2:45;0:0
2022-10-06 22:51:23;2:45;0:0
2022-10-06 22:51:23;2:46;0:0
2022-10-06 22:51:24;2:46;0:0
2022-10-06 22:51:24;2:47;0:0
2022-10-06 22:51:25;2:47;0:0
2022-10-06 22:51:25;2:48;0:0
2022-10-06 22:51:26;2:48;0:0
2022-10-06 22:51:26;2:49;0:0
2022-10-06 22:51:27;2:49;0:0
2022-10-06 22:51:27;2:50;0:0
2022-10-06 22:51:28;2:51;0:0
2022-10-06 22:51:28;2:51;0:0
2022-10-06 22:51:29;2:52;0:0
2022-10-06 22:51:29;2:52;0:0
2022-10-06 22:51:30;2:53;0:0
2022-10-06 22:51:30;2:53;0:0
2022-10-06 22:51:31;2:54;0:0
2022-10-06 22:51:31;2:54;0:0
2022-10-06 22:51:32;2:55;0:0
2022-10-06 22:51:32;2:55;0:0
2022-10-06 22:51:33;2:56;0:0
2022-10-06 22:51:33;2:56;0:0
2022-10-06 22:51:34;2:57;0:0
2022-10-06 22:51:34;2:57;0:0
2022-10-06 22:51:35;2:58;0:0
2022-10-06 22:51:35;2:58;0:0
2022-10-06 22:51:36;2:59;0:0
2022-10-06 22:51:36;2:59;0:0
2022-10-06 22:51:37;3:0;0:0
2022-10-06 22:51:37;3:0;0:0
2022-10-06 22:51:38;3:1;0:0
2022-10-06 22:51:38;3:1;0:0
2022-10-06 22:51:39;3:2;0:0
2022-10-06 22:51:39;3:2;0:0
2022-10-06 22:51:40;3:3;0:0
2022-10-06 22:51:41;3:3;0:0
2022-10-06 22:51:41;3:4;0:0
2022-10-06 22:51:42;3:4;0:0
2022-10-06 22:51:42;3:5;0:0
2022-10-06 22:51:43;3:5;0:0
2022-10-06 22:51:43;3:6;0:0
2022-10-06 22:51:44;3:6;0:0
2022-10-06 22:51:44;3:7;0:0
2022-10-06 22:51:45;3:7;0:0
2022-10-06 22:51:45;3:8;0:0
2022-10-06 22:51:46;3:8;0:0
2022-10-06 22:51:46;3:9;0:0
2022-10-06 22:51:47;3:10;0:0
2022-10-06 22:51:47;3:10;0:0
2022-10-06 22:51:48;3:11;0:0
2022-10-06 22:51:48;3:11;0:0
2022-10-06 22:51:49;3:12;0:0
2022-10-06 22:51:49;3:12;0:0
2022-10-06 22:51:50;3:13;0:0
2022-10-06 22:51:50;3:13;0:0
2022-10-06 22:51:51;3:14;0:0
2022-10-06 22:51:51;3:14;0:0
2022-10-06 22:51:52;3:15;0:0
2022-10-06 22:51:52;3:15;0:0
2022-10-06 22:51:53;3:16;0:0
2022-10-06 22:51:53;3:16;0:0
2022-10-06 22:51:54;3:17;0:0
2022-10-06 22:51:54;3:17;0:0
2022-10-06 22:51:55;3:18;0:0
2022-10-06 22:51:55;3:18;0:0
2022-10-06 22:51:56;3:19;0:0
2022-10-06 22:51:57;3:19;0:0
2022-10-06 22:51:57;3:20;0:0
2022-10-06 22:51:58;3:20;0:0
2022-10-06 22:51:58;3:21;0:0
2022-10-06 22:51:59;3:21;0:0
2022-10-06 22:51:59;3:22;0:0
2022-10-06 22:52:00;3:22;0:0
2022-10-06 22:52:00;3:23;0:0
2022-10-06 22:52:01;3:23;0:0
2022-10-06 22:52:01;3:24;0:0
2022-10-06 22:52:02;3:24;0:0
2022-10-06 22:52:02;3:25;0:0
2022-10-06 22:52:03;3:25;0:0
2022-10-06 22:52:03;3:26;0:0
2022-10-06 22:52:04;3:26;0:0
2022-10-06 22:52:04;3:27;0:0
2022-10-06 22:52:05;3:27;0:0
2022-10-06 22:52:05;3:28;0:0
2022-10-06 22:52:06;3:28;0:0
2022-10-06 22:52:06;3:29;0:0
2022-10-06 22:52:07;3:29;0:0
2022-10-06 22:52:07;3:30;0:0
2022-10-06 22:52:08;3:31;0:0
2022-10-06 22:52:08;3:31;0:0
2022-10-06 22:52:09;3:32;0:0
2022-10-06 22:52:09;3:32;0:0
2022-10-06 22:52:10;3:33;0:0
2022-10-06 22:52:10;3:33;0:0
2022-10-06 22:52:11;3:34;0:0
2022-10-06 22:52:11;3:34;0:0
2022-10-06 22:52:12;3:35;0:0
2022-10-06 22:52:12;3:35;0:0
2022-10-06 22:52:13;3:36;0:0
2022-10-06 22:52:13;3:36;0:0
2022-10-06 22:52:14;3:37;0:0
2022-10-06 22:52:14;3:37;0:0
2022-10-06 22:52:15;3:38;0:0
2022-10-06 22:52:15;3:38;0:0
2022-10-06 22:52:16;3:39;0:0
2022-10-06 22:52:16;3:39;0:0
2022-10-06 22:52:17;3:40;0:0
2022-10-06 22:52:17;3:40;0:0
2022-10-06 22:52:18;3:41;0:0
2022-10-06 22:52:19;3:41;0:0
2022-10-06 22:52:19;3:42;0:0
2022-10-06 22:52:20;3:42;0:0
2022-10-06 22:52:20;3:43;0:0
2022-10-06 22:52:21;3:43;0:0
2022-10-06 22:52:21;3:44;0:0
2022-10-06 22:52:22;3:44;0:0
2022-10-06 22:52:22;3:45;0:0
2022-10-06 22:52:23;3:45;0:0
2022-10-06 22:52:23;3:46;0:0
2022-10-06 22:52:24;3:46;0:0
2022-10-06 22:52:24;3:47;0:0
2022-10-06 22:52:25;3:47;0:0
2022-10-06 22:52:25;3:48;0:0
2022-10-06 22:52:26;3:48;0:0
2022-10-06 22:52:26;3:49;0:0
2022-10-06 22:52:27;3:49;0:0
2022-10-06 22:52:27;3:50;0:0
2022-10-06 22:52:28;3:50;0:0
2022-10-06 22:52:28;3:51;0:0
2022-10-06 22:52:29;3:51;0:0
2022-10-06 22:52:29;3:52;0:0
2022-10-06 22:52:30;3:52;0:0
2022-10-06 22:52:30;3:53;0:0
2022-10-06 22:52:31;3:53;0:0
2022-10-06 22:52:31;3:54;0:0
2022-10-06 22:52:32;3:54;0:0
2022-10-06 22:52:32;3:55;0:0
2022-10-06 22:52:33;3:55;0:0
2022-10-06 22:52:33;3:56;0:0
2022-10-06 22:52:34;3:56;0:0
2022-10-06 22:52:34;3:57;0:0
2022-10-06 22:52:35;3:57;0:0
2022-10-06 22:52:35;3:58;0:0
2022-10-06 22:52:36;3:58;0:0
2022-10-06 22:52:36;3:59;0:0
2022-10-06 22:52:37;4:0;0:0
2022-10-06 22:52:37;4:0;0:0
2022-10-06 22:52:38;4:1;0:0
2022-10-06 22:52:38;4:1;0:0
2022-10-06 22:52:39;4:2;0:0
2022-10-06 22:52:39;4:2;0:0
2022-10-06 22:52:40;4:3;0:0
2022-10-06 22:52:40;4:3;0:0
2022-10-06 22:52:41;4:4;0:0
2022-10-06 22:52:41;4:4;0:0
2022-10-06 22:52:42;4:5;0:0
2022-10-06 22:52:42;4:5;0:0
2022-10-06 22:52:43;4:6;0:0
2022-10-06 22:52:43;4:6;0:0
2022-10-06 22:52:44;4:7;0:0
2022-10-06 22:52:44;4:7;0:0
2022-10-06 22:52:45;4:8;0:0
2022-10-06 22:52:45;4:8;0:0
2022-10-06 22:52:46;4:9;0:0
2022-10-06 22:52:46;4:9;0:0
2022-10-06 22:52:47;4:10;0:0
2022-10-06 22:52:48;4:10;0:0
2022-10-06 22:52:48;4:11;0:0
2022-10-06 22:52:49;4:11;0:0
2022-10-06 22:52:49;4:12;0:0
2022-10-06 22:52:50;4:12;0:0
2022-10-06 22:52:50;4:13;0:0
2022-10-06 22:52:51;4:13;0:0
2022-10-06 22:52:51;4:14;0:0
2022-10-06 22:52:52;4:14;0:0
2022-10-06 22:52:52;4:15;0:0
2022-10-06 22:52:53;4:15;0:0
2022-10-06 22:52:53;4:16;0:0
2022-10-06 22:52:54;4:16;0:0
2022-10-06 22:52:54;4:17;0:0
2022-10-06 22:52:55;4:17;0:0
2022-10-06 22:52:55;4:18;0:0
2022-10-06 22:52:56;4:18;0:0
2022-10-06 22:52:56;4:19;0:0
2022-10-06 22:52:57;4:19;0:0
2022-10-06 22:52:57;4:20;0:0
2022-10-06 22:52:58;4:20;0:0
2022-10-06 22:52:58;4:21;0:0
2022-10-06 22:52:59;4:21;0:0
2022-10-06 22:52:59;4:22;0:0
2022-10-06 22:53:00;4:22;0:0
2022-10-06 22:53:00;4:23;0:0
2022-10-06 22:53:01;4:23;0:0
2022-10-06 22:53:01;4:24;0:0
2022-10-06 22:53:02;4:24;0:0
2022-10-06 22:53:02;4:25;0:0
2022-10-06 22:53:03;4:25;0:0
2022-10-06 22:53:03;4:26;0:0
2022-10-06 22:53:04;4:26;0:0
2022-10-06 22:53:04;4:27;0:0
2022-10-06 22:53:05;4:28;0:0
2022-10-06 22:53:05;4:28;0:0
2022-10-06 22:53:06;4:29;0:0
2022-10-06 22:53:06;4:29;0:0
2022-10-06 22:53:07;4:30;0:0
2022-10-06 22:53:07;4:30;0:0
2022-10-06 22:53:08;4:31;0:0
2022-10-06 22:53:08;4:31;0:0
2022-10-06 22:53:09;4:32;0:0
2022-10-06 22:53:09;4:32;0:0
2022-10-06 22:53:10;4:33;0:0
2022-10-06 22:53:10;4:33;0:0
2022-10-06 22:53:11;4:34;0:0
2022-10-06 22:53:11;4:34;0:0
2022-10-06 22:53:12;4:35;0:0
2022-10-06 22:53:12;4:35;0:0
2022-10-06 22:53:13;4:36;0:0
2022-10-06 22:53:13;4:36;0:0
2022-10-06 22:53:14;4:37;0:0
2022-10-06 22:53:14;4:37;0:0
2022-10-06 22:53:15;4:38;0:0
2022-10-06 22:53:15;4:38;0:0
2022-10-06 22:53:16;4:39;0:0
2022-10-06 22:53:16;4:39;0:0
2022-10-06 22:53:17;4:40;0:0
2022-10-06 22:53:17;4:40;0:0
2022-10-06 22:53:18;4:41;0:0
2022-10-06 22:53:18;4:41;0:0
2022-10-06 22:53:19;4:42;0:0
2022-10-06 22:53:19;4:42;0:0
2022-10-06 22:53:20;4:43;0:0
2022-10-06 22:53:20;4:43;0:0
2022-10-06 22:53:21;4:44;0:0
2022-10-06 22:53:22;4:44;0:0
2022-10-06 22:53:22;4:45;0:0
2022-10-06 22:53:23;4:45;0:0
2022-10-06 22:53:23;4:46;0:0
2022-10-06 22:53:24;4:47;0:0
2022-10-06 22:53:25;4:47;0:0
2022-10-06 22:53:25;4:48;0:0
2022-10-06 22:53:26;4:48;0:0
2022-10-06 22:53:26;4:49;0:0
2022-10-06 22:53:27;4:50;0:0
2022-10-06 22:53:27;4:50;0:0
2022-10-06 22:53:28;4:51;0:0
2022-10-06 22:53:29;4:51;0:0
2022-10-06 22:53:29;4:52;0:0
2022-10-06 22:53:30;4:52;0:0
2022-10-06 22:53:30;4:53;0:0
2022-10-06 22:53:31;4:54;0:0
2022-10-06 22:53:31;4:54;0:0
2022-10-06 22:53:32;4:55;0:0
2022-10-06 22:53:33;4:55;0:0
2022-10-06 22:53:33;4:56;0:0
2022-10-06 22:53:34;4:56;0:0
2022-10-06 22:53:34;4:57;0:0
2022-10-06 22:53:35;4:57;0:0
2022-10-06 22:53:35;4:58;0:0
2022-10-06 22:53:36;4:59;0:0
2022-10-06 22:53:36;4:59;0:0
2022-10-06 22:53:37;5:0;0:0
2022-10-06 22:53:38;5:0;0:0
2022-10-06 22:53:38;5:1;0:0
2022-10-06 22:53:39;5:1;0:0
2022-10-06 22:53:39;5:2;0:0
2022-10-06 22:53:40;5:3;0:0
2022-10-06 22:53:40;5:3;0:0
2022-10-06 22:53:41;5:4;0:0
2022-10-06 22:53:41;5:4;0:0
2022-10-06 22:53:42;5:5;0:0
2022-10-06 22:53:43;5:5;0:0
2022-10-06 22:53:43;5:6;0:0
2022-10-06 22:53:44;5:6;0:0
2022-10-06 22:53:44;5:7;0:0
2022-10-06 22:53:45;5:7;0:0
2022-10-06 22:53:45;5:8;0:0
2022-10-06 22:53:46;5:9;0:0
2022-10-06 22:53:46;5:9;0:0
2022-10-06 22:53:47;5:10;0:0
2022-10-06 22:53:48;5:10;0:0
2022-10-06 22:53:48;5:11;0:0
2022-10-06 22:53:49;5:11;0:0
2022-10-06 22:53:49;5:12;0:0
2022-10-06 22:53:50;5:13;0:0
2022-10-06 22:53:50;5:13;0:0
2022-10-06 22:53:51;5:14;0:0
2022-10-06 22:53:51;5:14;0:0
2022-10-06 22:53:52;5:15;0:0
2022-10-06 22:53:53;5:15;0:0
2022-10-06 22:53:53;5:16;0:0
2022-10-06 22:53:54;5:16;0:0
2022-10-06 22:53:54;5:17;0:0
2022-10-06 22:53:55;5:17;0:0
2022-10-06 22:53:55;5:18;0:0
2022-10-06 22:53:56;5:19;0:0
2022-10-06 22:53:56;5:19;0:0
2022-10-06 22:53:57;5:20;0:0
2022-10-06 22:53:58;5:20;0:0
2022-10-06 22:53:58;5:21;0:0
2022-10-06 22:53:59;5:21;0:0
2022-10-06 22:53:59;5:22;0:0
2022-10-06 22:54:00;5:23;0:0
2022-10-06 22:54:00;5:23;0:0
2022-10-06 22:54:01;5:24;0:0
2022-10-06 22:54:02;5:24;0:0
2022-10-06 22:54:02;5:25;0:0
2022-10-06 22:54:03;5:25;0:0
2022-10-06 22:54:03;5:26;0:0
2022-10-06 22:54:04;5:26;0:0
2022-10-06 22:54:04;5:27;0:0
2022-10-06 22:54:05;5:28;0:0
2022-10-06 22:54:05;5:28;0:0
2022-10-06 22:54:06;5:29;0:0
2022-10-06 22:54:06;5:29;0:0
2022-10-06 22:54:07;5:30;0:0
2022-10-06 22:54:08;5:30;0:0
2022-10-06 22:54:08;5:31;0:0
2022-10-06 22:54:09;5:31;0:0
2022-10-06 22:54:09;5:32;0:0
2022-10-06 22:54:10;5:33;0:0
2022-10-06 22:54:10;5:33;0:0
2022-10-06 22:54:11;5:34;0:0
2022-10-06 22:54:11;5:34;0:0
2022-10-06 22:54:12;5:35;0:0
2022-10-06 22:54:13;5:35;0:0
2022-10-06 22:54:13;5:36;0:0
2022-10-06 22:54:14;5:36;0:0
2022-10-06 22:54:14;5:37;0:0
2022-10-06 22:54:15;5:37;0:0
2022-10-06 22:54:15;5:38;0:0
2022-10-06 22:54:16;5:38;0:0
2022-10-06 22:54:16;5:39;0:0
2022-10-06 22:54:17;5:39;0:0
2022-10-06 22:54:17;5:40;0:0
2022-10-06 22:54:18;5:40;0:0
2022-10-06 22:54:18;5:41;0:0
2022-10-06 22:54:19;5:42;0:0
2022-10-06 22:54:19;5:42;0:0
2022-10-06 22:54:20;5:43;0:0
2022-10-06 22:54:21;5:43;0:0
2022-10-06 22:54:21;5:44;0:0
2022-10-06 22:54:22;5:44;0:0
2022-10-06 22:54:22;5:45;0:0
2022-10-06 22:54:23;5:45;0:0
2022-10-06 22:54:23;5:46;0:0
2022-10-06 22:54:24;5:47;0:0
2022-10-06 22:54:24;5:47;0:0
2022-10-06 22:54:25;5:48;0:0
2022-10-06 22:54:25;5:48;0:0
2022-10-06 22:54:26;5:48;0:0
