2022-10-06 22:54:27;0:1;0:1
2022-10-06 22:54:29;0:2;0:1
2022-10-06 22:54:30;0:4;0:1
2022-10-06 22:54:32;0:5;0:1
2022-10-06 22:54:33;0:7;0:1
2022-10-06 22:54:35;0:9;0:1
2022-10-06 22:54:36;0:10;0:1
2022-10-06 22:54:38;0:12;0:1
2022-10-06 22:54:39;0:13;0:1
2022-10-06 22:54:41;0:15;0:1
2022-10-06 22:54:42;0:16;0:1
2022-10-06 22:54:44;0:18;0:1
2022-10-06 22:54:45;0:19;0:1
2022-10-06 22:54:47;0:21;0:1
2022-10-06 22:54:48;0:22;0:1
2022-10-06 22:54:50;0:24;0:1
2022-10-06 22:54:52;0:25;0:1
2022-10-06 22:54:53;0:27;0:1
2022-10-06 22:54:55;0:28;0:1
2022-10-06 22:54:56;0:30;0:1
2022-10-06 22:54:58;0:31;0:1
2022-10-06 22:54:59;0:33;0:1
2022-10-06 22:55:01;0:35;0:1
2022-10-06 22:55:02;0:36;0:1
2022-10-06 22:55:04;0:38;0:1
2022-10-06 22:55:06;0:39;0:1
2022-10-06 22:55:07;0:41;0:1
2022-10-06 22:55:09;0:42;0:1
2022-10-06 22:55:10;0:44;0:1
2022-10-06 22:55:12;0:46;0:1
2022-10-06 22:55:14;0:47;0:1
2022-10-06 22:55:16;0:49;0:1
2022-10-06 22:55:17;0:51;0:1
2022-10-06 22:55:19;0:53;0:1
2022-10-06 22:55:21;0:55;0:1
2022-10-06 22:55:23;0:56;0:1
2022-10-06 22:55:24;0:58;0:1
2022-10-06 22:55:26;1:0;0:1
2022-10-06 22:55:28;1:2;0:1
2022-10-06 22:55:30;1:4;0:1
2022-10-06 22:55:32;1:6;0:1
2022-10-06 22:55:34;1:7;0:1
2022-10-06 22:55:35;1:9;0:1
2022-10-06 22:55:37;1:11;0:1
2022-10-06 22:55:39;1:12;0:1
2022-10-06 22:55:40;1:14;0:1
2022-10-06 22:55:42;1:16;0:1
2022-10-06 22:55:44;1:17;0:1
2022-10-06 22:55:45;1:19;0:1
2022-10-06 22:55:47;1:21;0:1
2022-10-06 22:55:49;1:23;0:1
2022-10-06 22:55:51;1:24;0:1
2022-10-06 22:55:52;1:26;0:1
2022-10-06 22:55:54;1:28;0:1
2022-10-06 22:55:56;1:29;0:1
2022-10-06 22:55:57;1:31;0:1
2022-10-06 22:55:59;1:33;0:1
2022-10-06 22:56:01;1:35;0:1
2022-10-06 22:56:03;1:36;0:1
2022-10-06 22:56:04;1:38;0:1
2022-10-06 22:56:06;1:40;0:1
2022-10-06 22:56:08;1:42;0:1
2022-10-06 22:56:10;1:43;0:1
2022-10-06 22:56:11;1:45;0:1
2022-10-06 22:56:13;1:47;0:1
2022-10-06 22:56:15;1:49;0:1
2022-10-06 22:56:17;1:50;0:1
2022-10-06 22:56:18;1:52;0:1
2022-10-06 22:56:20;1:54;0:1
2022-10-06 22:56:22;1:56;0:1
2022-10-06 22:56:24;1:57;0:1
2022-10-06 22:56:26;1:59;0:1
2022-10-06 22:56:27;2:1;0:1
2022-10-06 22:56:29;2:3;0:1
2022-10-06 22:56:31;2:5;0:1
2022-10-06 22:56:33;2:6;0:1
2022-10-06 22:56:34;2:8;0:1
2022-10-06 22:56:36;2:10;0:1
2022-10-06 22:56:38;2:12;0:1
2022-10-06 22:56:40;2:13;0:1
2022-10-06 22:56:42;2:15;0:1
2022-10-06 22:56:43;2:17;0:1
2022-10-06 22:56:45;2:19;0:1
2022-10-06 22:56:47;2:21;0:1
2022-10-06 22:56:49;2:22;0:1
2022-10-06 22:56:50;2:24;0:1
2022-10-06 22:56:52;2:26;0:1
2022-10-06 22:56:54;2:28;0:1
2022-10-06 22:56:56;2:30;0:1
2022-10-06 22:56:58;2:31;0:1
2022-10-06 22:56:59;2:33;0:1
2022-10-06 22:57:01;2:35;0:1
2022-10-06 22:57:03;2:37;0:1
2022-10-06 22:57:05;2:38;0:1
2022-10-06 22:57:06;2:40;0:1
2022-10-06 22:57:08;2:42;0:1
2022-10-06 22:57:10;2:44;0:1
2022-10-06 22:57:12;2:45;0:1
2022-10-06 22:57:13;2:47;0:1
2022-10-06 22:57:15;2:49;0:1
2022-10-06 22:57:17;2:51;0:1
2022-10-06 22:57:19;2:52;0:1
2022-10-06 22:57:21;2:54;0:1
2022-10-06 22:57:22;2:56;0:1
2022-10-06 22:57:24;2:58;0:1
2022-10-06 22:57:26;3:0;0:1
2022-10-06 22:57:28;3:2;0:1
2022-10-06 22:57:30;3:4;0:1
2022-10-06 22:57:32;3:6;0:1
2022-10-06 22:57:34;3:8;0:1
2022-10-06 22:57:36;3:9;0:1
2022-10-06 22:57:38;3:11;0:1
2022-10-06 22:57:40;3:13;0:1
2022-10-06 22:57:42;3:15;0:1
2022-10-06 22:57:44;3:17;0:1
2022-10-06 22:57:46;3:19;0:1
2022-10-06 22:57:48;3:21;0:1
2022-10-06 22:57:50;3:23;0:1
2022-10-06 22:57:52;3:25;0:1
2022-10-06 22:57:54;3:27;0:1
2022-10-06 22:57:56;3:30;0:1
2022-10-06 22:57:58;3:32;0:1
2022-10-06 22:58:00;3:34;0:1
2022-10-06 22:58:02;3:36;0:1
2022-10-06 22:58:04;3:38;0:1
2022-10-06 22:58:06;3:39;0:1
2022-10-06 22:58:08;3:41;0:1
2022-10-06 22:58:10;3:43;0:1
2022-10-06 22:58:12;3:45;0:1
2022-10-06 22:58:14;3:48;0:1
2022-10-06 22:58:16;3:50;0:1
2022-10-06 22:58:18;3:52;0:1
2022-10-06 22:58:20;3:54;0:1
2022-10-06 22:58:22;3:56;0:1
2022-10-06 22:58:24;3:58;0:1
2022-10-06 22:58:26;4:0;0:1
2022-10-06 22:58:28;4:2;0:1
2022-10-06 22:58:30;4:4;0:1
2022-10-06 22:58:32;4:6;0:1
2022-10-06 22:58:34;4:8;0:1
2022-10-06 22:58:36;4:10;0:1
2022-10-06 22:58:38;4:12;0:1
2022-10-06 22:58:40;4:14;0:1
2022-10-06 22:58:42;4:16;0:1
2022-10-06 22:58:44;4:18;0:1
2022-10-06 22:58:46;4:20;0:1
2022-10-06 22:58:48;4:21;0:1
2022-10-06 22:58:50;4:23;0:1
2022-10-06 22:58:52;4:25;0:1
2022-10-06 22:58:54;4:27;0:1
2022-10-06 22:58:56;4:29;0:1
2022-10-06 22:58:58;4:31;0:1
2022-10-06 22:59:00;4:33;0:1
2022-10-06 22:59:02;4:35;0:1
2022-10-06 22:59:04;4:37;0:1
2022-10-06 22:59:05;4:39;0:1
2022-10-06 22:59:08;4:41;0:1
2022-10-06 22:59:10;4:43;0:1
2022-10-06 22:59:12;4:45;0:1
2022-10-06 22:59:13;4:47;0:1
2022-10-06 22:59:15;4:49;0:1
2022-10-06 22:59:17;4:51;0:1
2022-10-06 22:59:20;4:53;0:1
2022-10-06 22:59:22;4:55;0:1
2022-10-06 22:59:24;4:57;0:1
2022-10-06 22:59:26;4:59;0:1
2022-10-06 22:59:28;5:1;0:1
2022-10-06 22:59:30;5:3;0:1
2022-10-06 22:59:32;5:5;0:1
2022-10-06 22:59:34;5:7;0:1
2022-10-06 22:59:36;5:9;0:1
2022-10-06 22:59:38;5:11;0:1
2022-10-06 22:59:39;5:13;0:1
2022-10-06 22:59:42;5:15;0:1
2022-10-06 22:59:44;5:17;0:1
2022-10-06 22:59:46;5:19;0:1
2022-10-06 22:59:48;5:21;0:1
2022-10-06 22:59:50;5:23;0:1
2022-10-06 22:59:52;5:25;0:1
2022-10-06 22:59:54;5:27;0:1
2022-10-06 22:59:56;5:29;0:1
2022-10-06 22:59:58;5:31;0:1
2022-10-06 23:00:00;5:33;0:1
2022-10-06 23:00:02;5:35;0:1
2022-10-06 23:00:04;5:37;0:1
2022-10-06 23:00:06;5:39;0:1
2022-10-06 23:00:08;5:41;0:1
2022-10-06 23:00:10;5:43;0:1
2022-10-06 23:00:12;5:45;0:1
2022-10-06 23:00:14;5:47;0:1
2022-10-06 23:00:16;5:49;0:1
2022-10-06 23:00:18;5:52;0:1
2022-10-06 23:00:20;5:53;0:1
2022-10-06 23:00:22;5:55;0:1
2022-10-06 23:00:24;5:57;0:1
2022-10-06 23:00:26;5:59;0:1
2022-10-06 23:00:28;6:1;0:1
2022-10-06 23:00:30;6:3;0:1
2022-10-06 23:00:32;6:5;0:1
2022-10-06 23:00:34;6:7;0:1
2022-10-06 23:00:35;6:9;0:1
2022-10-06 23:00:37;6:11;0:1
2022-10-06 23:00:39;6:13;0:1
2022-10-06 23:00:41;6:15;0:1
2022-10-06 23:00:43;6:17;0:1
2022-10-06 23:00:45;6:19;0:1
2022-10-06 23:00:47;6:21;0:1
2022-10-06 23:00:49;6:23;0:1
2022-10-06 23:00:51;6:25;0:1
2022-10-06 23:00:53;6:26;0:1
2022-10-06 23:00:55;6:29;0:1
2022-10-06 23:00:57;6:30;0:1
2022-10-06 23:00:59;6:32;0:1
2022-10-06 23:01:01;6:34;0:1
2022-10-06 23:01:02;6:36;0:1
2022-10-06 23:01:04;6:38;0:1
2022-10-06 23:01:06;6:40;0:1
2022-10-06 23:01:08;6:42;0:1
2022-10-06 23:01:11;6:44;0:1
2022-10-06 23:01:15;6:48;0:3
2022-10-06 23:01:17;6:50;0:1
2022-10-06 23:01:18;6:52;0:1
2022-10-06 23:01:20;6:54;0:1
2022-10-06 23:01:22;6:56;0:1
2022-10-06 23:01:24;6:58;0:1
2022-10-06 23:01:26;7:0;0:1
2022-10-06 23:01:28;7:2;0:1
2022-10-06 23:01:30;7:4;0:1
2022-10-06 23:01:32;7:6;0:1
2022-10-06 23:01:34;7:7;0:1
2022-10-06 23:01:36;7:9;0:1
2022-10-06 23:01:37;7:11;0:1
2022-10-06 23:01:39;7:13;0:1
2022-10-06 23:01:41;7:15;0:1
2022-10-06 23:01:43;7:17;0:1
2022-10-06 23:01:45;7:19;0:1
2022-10-06 23:01:47;7:21;0:1
2022-10-06 23:01:49;7:22;0:1
2022-10-06 23:01:51;7:24;0:1
2022-10-06 23:01:52;7:26;0:1
2022-10-06 23:01:54;7:28;0:1
2022-10-06 23:01:56;7:30;0:1
2022-10-06 23:01:58;7:32;0:1
2022-10-06 23:02:00;7:34;0:1
2022-10-06 23:02:02;7:35;0:1
2022-10-06 23:02:04;7:37;0:1
2022-10-06 23:02:05;7:39;0:1
2022-10-06 23:02:07;7:41;0:1
2022-10-06 23:02:09;7:43;0:1
2022-10-06 23:02:11;7:45;0:1
2022-10-06 23:02:13;7:47;0:1
2022-10-06 23:02:15;7:49;0:1
2022-10-06 23:02:17;7:50;0:1
2022-10-06 23:02:19;7:52;0:1
2022-10-06 23:02:20;7:54;0:1
2022-10-06 23:02:22;7:56;0:1
2022-10-06 23:02:24;7:58;0:1
2022-10-06 23:02:26;8:0;0:1
2022-10-06 23:02:28;8:2;0:1
2022-10-06 23:02:30;8:4;0:1
2022-10-06 23:02:32;8:6;0:1
2022-10-06 23:02:34;8:8;0:1
2022-10-06 23:02:36;8:10;0:1
2022-10-06 23:02:38;8:11;0:1
2022-10-06 23:02:40;8:13;0:1
2022-10-06 23:02:42;8:15;0:1
2022-10-06 23:02:43;8:17;0:1
2022-10-06 23:02:45;8:19;0:1
2022-10-06 23:02:47;8:21;0:1
2022-10-06 23:02:49;8:23;0:1
2022-10-06 23:02:51;8:25;0:1
2022-10-06 23:02:53;8:27;0:1
2022-10-06 23:02:55;8:29;0:1
2022-10-06 23:02:57;8:30;0:1
2022-10-06 23:02:59;8:32;0:1
2022-10-06 23:03:01;8:34;0:1
2022-10-06 23:03:02;8:36;0:1
2022-10-06 23:03:04;8:38;0:1
2022-10-06 23:03:06;8:40;0:1
2022-10-06 23:03:08;8:42;0:1
2022-10-06 23:03:10;8:44;0:1
2022-10-06 23:03:12;8:45;0:1
2022-10-06 23:03:14;8:47;0:1
2022-10-06 23:03:15;8:49;0:1
2022-10-06 23:03:17;8:51;0:1
2022-10-06 23:03:19;8:53;0:1
2022-10-06 23:03:21;8:55;0:1
2022-10-06 23:03:23;8:56;0:1
2022-10-06 23:03:25;8:58;0:1
2022-10-06 23:03:27;9:0;0:1
2022-10-06 23:03:28;9:2;0:1
2022-10-06 23:03:30;9:4;0:1
2022-10-06 23:03:32;9:6;0:1
2022-10-06 23:03:34;9:8;0:1
2022-10-06 23:03:36;9:10;0:1
2022-10-06 23:03:38;9:12;0:1
2022-10-06 23:03:40;9:13;0:1
2022-10-06 23:03:42;9:15;0:1
2022-10-06 23:03:43;9:17;0:1
2022-10-06 23:03:45;9:19;0:1
2022-10-06 23:03:47;9:21;0:1
2022-10-06 23:03:49;9:23;0:1
2022-10-06 23:03:51;9:25;0:1
2022-10-06 23:03:53;9:27;0:1
2022-10-06 23:03:55;9:28;0:1
2022-10-06 23:03:56;9:30;0:1
2022-10-06 23:03:59;9:32;0:1
2022-10-06 23:04:00;9:34;0:1
2022-10-06 23:04:02;9:36;0:1
2022-10-06 23:04:04;9:38;0:1
2022-10-06 23:04:06;9:40;0:1
2022-10-06 23:04:08;9:42;0:1
2022-10-06 23:04:10;9:43;0:1
2022-10-06 23:04:12;9:45;0:1
2022-10-06 23:04:14;9:47;0:1
2022-10-06 23:04:16;9:49;0:1
2022-10-06 23:04:17;9:51;0:1
2022-10-06 23:04:19;9:53;0:1
2022-10-06 23:04:21;9:55;0:1
2022-10-06 23:04:23;9:57;0:1
2022-10-06 23:04:25;9:59;0:1
2022-10-06 23:04:27;10:1;0:1
2022-10-06 23:04:29;10:2;0:1
2022-10-06 23:04:31;10:4;0:1
2022-10-06 23:04:32;10:6;0:1
2022-10-06 23:04:34;10:8;0:1
2022-10-06 23:04:36;10:10;0:1
2022-10-06 23:04:38;10:12;0:1
2022-10-06 23:04:40;10:14;0:1
2022-10-06 23:04:42;10:16;0:1
2022-10-06 23:04:44;10:18;0:1
2022-10-06 23:04:46;10:19;0:1
2022-10-06 23:04:48;10:21;0:1
2022-10-06 23:04:49;10:23;0:1
2022-10-06 23:04:51;10:25;0:1
2022-10-06 23:04:53;10:27;0:1
2022-10-06 23:04:55;10:29;0:1
2022-10-06 23:04:57;10:31;0:1
2022-10-06 23:04:59;10:33;0:1
2022-10-06 23:05:01;10:35;0:1
2022-10-06 23:05:03;10:36;0:1
2022-10-06 23:05:05;10:38;0:1
2022-10-06 23:05:07;10:40;0:1
2022-10-06 23:05:08;10:42;0:1
2022-10-06 23:05:10;10:44;0:1
2022-10-06 23:05:12;10:46;0:1
2022-10-06 23:05:14;10:48;0:1
2022-10-06 23:05:16;10:50;0:1
2022-10-06 23:05:18;10:52;0:1
2022-10-06 23:05:20;10:54;0:1
2022-10-06 23:05:22;10:55;0:1
2022-10-06 23:05:24;10:57;0:1
2022-10-06 23:05:26;10:59;0:1
2022-10-06 23:05:28;11:1;0:1
2022-10-06 23:05:29;11:3;0:1
2022-10-06 23:05:31;11:5;0:1
2022-10-06 23:05:33;11:7;0:1
2022-10-06 23:05:35;11:9;0:1
2022-10-06 23:05:37;11:11;0:1
2022-10-06 23:05:39;11:13;0:1
2022-10-06 23:05:41;11:15;0:1
2022-10-06 23:05:43;11:17;0:1
2022-10-06 23:05:45;11:19;0:1
2022-10-06 23:05:47;11:20;0:1
2022-10-06 23:05:48;11:22;0:1
2022-10-06 23:05:50;11:24;0:1
2022-10-06 23:05:52;11:26;0:1
2022-10-06 23:05:54;11:28;0:1
2022-10-06 23:05:56;11:30;0:1
2022-10-06 23:05:58;11:32;0:1
2022-10-06 23:06:00;11:34;0:1
2022-10-06 23:06:02;11:36;0:1
2022-10-06 23:06:04;11:38;0:1
2022-10-06 23:06:06;11:39;0:1
2022-10-06 23:06:08;11:41;0:1
2022-10-06 23:06:09;11:43;0:1
2022-10-06 23:06:11;11:45;0:1
2022-10-06 23:06:13;11:47;0:1
2022-10-06 23:06:15;11:49;0:1
2022-10-06 23:06:17;11:51;0:1
2022-10-06 23:06:19;11:53;0:1
2022-10-06 23:06:21;11:55;0:1
2022-10-06 23:06:23;11:56;0:1
2022-10-06 23:06:25;11:58;0:1
2022-10-06 23:06:27;12:0;0:1
2022-10-06 23:06:28;12:2;0:1
2022-10-06 23:06:30;12:4;0:1
2022-10-06 23:06:32;12:6;0:1
2022-10-06 23:06:34;12:8;0:1
2022-10-06 23:06:36;12:10;0:1
2022-10-06 23:06:38;12:12;0:1
2022-10-06 23:06:40;12:14;0:1
2022-10-06 23:06:42;12:16;0:1
2022-10-06 23:06:44;12:17;0:1
2022-10-06 23:06:46;12:19;0:1
2022-10-06 23:06:48;12:21;0:1
2022-10-06 23:06:49;12:23;0:1
2022-10-06 23:06:51;12:25;0:1
2022-10-06 23:06:53;12:27;0:1
2022-10-06 23:06:55;12:29;0:1
2022-10-06 23:06:57;12:31;0:1
2022-10-06 23:06:59;12:33;0:1
2022-10-06 23:07:01;12:35;0:1
2022-10-06 23:07:03;12:37;0:1
2022-10-06 23:07:05;12:39;0:1
2022-10-06 23:07:07;12:40;0:1
2022-10-06 23:07:09;12:42;0:1
2022-10-06 23:07:10;12:44;0:1
2022-10-06 23:07:12;12:46;0:1
2022-10-06 23:07:14;12:48;0:1
2022-10-06 23:07:16;12:50;0:1
2022-10-06 23:07:18;12:52;0:1
2022-10-06 23:07:20;12:54;0:1
2022-10-06 23:07:22;12:56;0:1
2022-10-06 23:07:24;12:58;0:1
2022-10-06 23:07:26;12:59;0:1
2022-10-06 23:07:28;13:1;0:1
2022-10-06 23:07:29;13:3;0:1
2022-10-06 23:07:31;13:5;0:1
2022-10-06 23:07:33;13:7;0:1
2022-10-06 23:07:35;13:9;0:1
2022-10-06 23:07:37;13:11;0:1
2022-10-06 23:07:39;13:12;0:1
2022-10-06 23:07:40;13:14;0:1
2022-10-06 23:07:42;13:16;0:1
2022-10-06 23:07:44;13:18;0:1
2022-10-06 23:07:46;13:20;0:1
2022-10-06 23:07:48;13:22;0:1
2022-10-06 23:07:50;13:24;0:1
2022-10-06 23:07:52;13:26;0:1
2022-10-06 23:07:54;13:28;0:1
2022-10-06 23:07:56;13:29;0:1
2022-10-06 23:07:58;13:31;0:1
2022-10-06 23:07:59;13:33;0:1
2022-10-06 23:08:01;13:35;0:1
2022-10-06 23:08:03;13:37;0:1
2022-10-06 23:08:05;13:39;0:1
2022-10-06 23:08:07;13:41;0:1
2022-10-06 23:08:09;13:43;0:1
2022-10-06 23:08:11;13:45;0:1
2022-10-06 23:08:13;13:46;0:1
2022-10-06 23:08:15;13:48;0:1
2022-10-06 23:08:16;13:50;0:1
2022-10-06 23:08:18;13:52;0:1
2022-10-06 23:08:20;13:54;0:1
2022-10-06 23:08:22;13:56;0:1
2022-10-06 23:08:24;13:58;0:1
2022-10-06 23:08:26;13:59;0:1
2022-10-06 23:08:28;14:1;0:1
2022-10-06 23:08:29;14:3;0:1
2022-10-06 23:08:31;14:5;0:1
2022-10-06 23:08:33;14:7;0:1
2022-10-06 23:08:35;14:9;0:1
2022-10-06 23:08:37;14:11;0:1
2022-10-06 23:08:39;14:12;0:1
2022-10-06 23:08:41;14:14;0:1
2022-10-06 23:08:42;14:16;0:1
2022-10-06 23:08:44;14:18;0:1
2022-10-06 23:08:46;14:20;0:1
2022-10-06 23:08:48;14:22;0:1
2022-10-06 23:08:50;14:23;0:1
2022-10-06 23:08:52;14:25;0:1
2022-10-06 23:08:53;14:27;0:1
2022-10-06 23:08:55;14:29;0:1
2022-10-06 23:08:57;14:31;0:1
2022-10-06 23:08:59;14:32;0:1
2022-10-06 23:09:00;14:34;0:1
2022-10-06 23:09:02;14:36;0:1
2022-10-06 23:09:04;14:38;0:1
2022-10-06 23:09:06;14:40;0:1
2022-10-06 23:09:08;14:41;0:1
2022-10-06 23:09:10;14:43;0:1
2022-10-06 23:09:11;14:45;0:1
2022-10-06 23:09:13;14:47;0:1
2022-10-06 23:09:15;14:49;0:1
2022-10-06 23:09:17;14:50;0:1
2022-10-06 23:09:19;14:52;0:1
2022-10-06 23:09:20;14:54;0:1
2022-10-06 23:09:22;14:56;0:1
2022-10-06 23:09:24;14:58;0:1
2022-10-06 23:09:26;15:0;0:1
2022-10-06 23:09:28;15:1;0:1
2022-10-06 23:09:30;15:3;0:1
2022-10-06 23:09:31;15:5;0:1
2022-10-06 23:09:33;15:7;0:1
2022-10-06 23:09:35;15:9;0:1
2022-10-06 23:09:37;15:11;0:1
2022-10-06 23:09:39;15:13;0:1
2022-10-06 23:09:41;15:15;0:1
2022-10-06 23:09:43;15:16;0:1
2022-10-06 23:09:45;15:18;0:1
2022-10-06 23:09:46;15:20;0:1
2022-10-06 23:09:48;15:22;0:1
2022-10-06 23:09:50;15:24;0:1
2022-10-06 23:09:52;15:26;0:1
2022-10-06 23:09:54;15:28;0:1
2022-10-06 23:09:56;15:30;0:1
2022-10-06 23:09:58;15:32;0:1
2022-10-06 23:10:00;15:33;0:1
2022-10-06 23:10:02;15:35;0:1
2022-10-06 23:10:04;15:37;0:1
2022-10-06 23:10:05;15:39;0:1
2022-10-06 23:10:07;15:41;0:1
2022-10-06 23:10:09;15:43;0:1
2022-10-06 23:10:11;15:45;0:1
2022-10-06 23:10:13;15:47;0:1
2022-10-06 23:10:15;15:49;0:1
2022-10-06 23:10:17;15:51;0:1
2022-10-06 23:10:20;15:53;0:1
2022-10-06 23:10:22;15:55;0:1
2022-10-06 23:10:24;15:57;0:1
2022-10-06 23:10:26;15:59;0:1
2022-10-06 23:10:28;16:1;0:1
2022-10-06 23:10:30;16:4;0:1
2022-10-06 23:10:32;16:6;0:1
2022-10-06 23:10:34;16:8;0:1
2022-10-06 23:10:36;16:10;0:1
2022-10-06 23:10:38;16:12;0:1
2022-10-06 23:10:40;16:13;0:1
2022-10-06 23:10:42;16:15;0:1
2022-10-06 23:10:44;16:17;0:1
2022-10-06 23:10:46;16:19;0:1
2022-10-06 23:10:47;16:21;0:1
2022-10-06 23:10:49;16:23;0:1
2022-10-06 23:10:51;16:25;0:1
2022-10-06 23:10:53;16:27;0:1
2022-10-06 23:10:55;16:29;0:1
2022-10-06 23:10:57;16:31;0:1
2022-10-06 23:10:59;16:33;0:1
2022-10-06 23:11:01;16:35;0:1
2022-10-06 23:11:03;16:37;0:1
2022-10-06 23:11:05;16:39;0:1
2022-10-06 23:11:07;16:41;0:1
2022-10-06 23:11:10;16:43;0:1
2022-10-06 23:11:12;16:46;0:1
2022-10-06 23:11:14;16:48;0:1
2022-10-06 23:11:16;16:50;0:1
2022-10-06 23:11:18;16:52;0:1
2022-10-06 23:11:21;16:55;0:1
2022-10-06 23:11:24;16:58;0:1
2022-10-06 23:11:26;17:0;0:1
2022-10-06 23:11:28;17:2;0:1
2022-10-06 23:11:30;17:4;0:1
2022-10-06 23:11:32;17:6;0:1
2022-10-06 23:11:34;17:8;0:1
2022-10-06 23:11:37;17:11;0:1
2022-10-06 23:11:39;17:13;0:1
2022-10-06 23:11:41;17:15;0:1
2022-10-06 23:11:43;17:17;0:1
2022-10-06 23:11:45;17:19;0:1
2022-10-06 23:11:47;17:21;0:1
2022-10-06 23:11:50;17:23;0:1
2022-10-06 23:11:52;17:26;0:1
2022-10-06 23:11:54;17:28;0:1
2022-10-06 23:11:56;17:30;0:1
2022-10-06 23:11:58;17:31;0:1
2022-10-06 23:12:00;17:33;0:1
2022-10-06 23:12:02;17:35;0:1
2022-10-06 23:12:04;17:37;0:1
2022-10-06 23:12:06;17:39;0:1
2022-10-06 23:12:07;17:41;0:1
2022-10-06 23:12:09;17:43;0:1
2022-10-06 23:12:11;17:45;0:1
2022-10-06 23:12:13;17:47;0:1
2022-10-06 23:12:15;17:49;0:1
2022-10-06 23:12:17;17:51;0:1
2022-10-06 23:12:19;17:53;0:1
2022-10-06 23:12:21;17:54;0:1
2022-10-06 23:12:23;17:56;0:1
2022-10-06 23:12:24;17:58;0:1
2022-10-06 23:12:26;18:0;0:1
2022-10-06 23:12:28;18:2;0:1
2022-10-06 23:12:30;18:4;0:1
2022-10-06 23:12:32;18:6;0:1
2022-10-06 23:12:34;18:8;0:1
2022-10-06 23:12:36;18:9;0:1
2022-10-06 23:12:38;18:11;0:1
2022-10-06 23:12:39;18:13;0:1
2022-10-06 23:12:41;18:15;0:1
2022-10-06 23:12:43;18:17;0:1
2022-10-06 23:12:45;18:19;0:1
2022-10-06 23:12:47;18:21;0:1
2022-10-06 23:12:49;18:22;0:1
2022-10-06 23:12:51;18:24;0:1
2022-10-06 23:12:52;18:26;0:1
2022-10-06 23:12:54;18:28;0:1
2022-10-06 23:12:56;18:30;0:1
2022-10-06 23:12:58;18:31;0:1
2022-10-06 23:13:00;18:33;0:1
2022-10-06 23:13:02;18:35;0:1
2022-10-06 23:13:03;18:37;0:1
2022-10-06 23:13:05;18:39;0:1
2022-10-06 23:13:07;18:41;0:1
2022-10-06 23:13:09;18:43;0:1
2022-10-06 23:13:11;18:44;0:1
2022-10-06 23:13:13;18:46;0:1
2022-10-06 23:13:14;18:48;0:1
2022-10-06 23:13:16;18:50;0:1
2022-10-06 23:13:18;18:52;0:1
2022-10-06 23:13:20;18:54;0:1
2022-10-06 23:13:22;18:55;0:1
2022-10-06 23:13:23;18:57;0:1
2022-10-06 23:13:25;18:59;0:1
2022-10-06 23:13:27;19:1;0:1
2022-10-06 23:13:29;19:3;0:1
2022-10-06 23:13:31;19:4;0:1
2022-10-06 23:13:32;19:6;0:1
2022-10-06 23:13:34;19:8;0:1
2022-10-06 23:13:36;19:10;0:1
2022-10-06 23:13:38;19:12;0:1
2022-10-06 23:13:40;19:13;0:1
2022-10-06 23:13:41;19:15;0:1
2022-10-06 23:13:43;19:17;0:1
2022-10-06 23:13:45;19:19;0:1
2022-10-06 23:13:47;19:21;0:1
2022-10-06 23:13:49;19:22;0:1
2022-10-06 23:13:50;19:24;0:1
2022-10-06 23:13:52;19:26;0:1
2022-10-06 23:13:54;19:28;0:1
2022-10-06 23:13:56;19:30;0:1
2022-10-06 23:13:58;19:31;0:1
2022-10-06 23:13:59;19:33;0:1
2022-10-06 23:14:01;19:35;0:1
2022-10-06 23:14:03;19:37;0:1
2022-10-06 23:14:05;19:39;0:1
2022-10-06 23:14:07;19:40;0:1
2022-10-06 23:14:09;19:42;0:1
2022-10-06 23:14:10;19:44;0:1
2022-10-06 23:14:12;19:46;0:1
2022-10-06 23:14:14;19:48;0:1
2022-10-06 23:14:16;19:50;0:1
2022-10-06 23:14:18;19:52;0:1
2022-10-06 23:14:20;19:53;0:1
2022-10-06 23:14:21;19:55;0:1
2022-10-06 23:14:23;19:57;0:1
2022-10-06 23:14:25;19:59;0:1
2022-10-06 23:14:27;20:0;0:1
2022-10-06 23:14:29;20:2;0:1
2022-10-06 23:14:30;20:4;0:1
2022-10-06 23:14:32;20:6;0:1
2022-10-06 23:14:34;20:8;0:1
2022-10-06 23:14:36;20:10;0:1
2022-10-06 23:14:38;20:11;0:1
2022-10-06 23:14:39;20:13;0:1
2022-10-06 23:14:41;20:15;0:1
2022-10-06 23:14:43;20:17;0:1
2022-10-06 23:14:45;20:18;0:1
2022-10-06 23:14:47;20:20;0:1
2022-10-06 23:14:48;20:22;0:1
2022-10-06 23:14:50;20:24;0:1
2022-10-06 23:14:52;20:26;0:1
2022-10-06 23:14:54;20:27;0:1
2022-10-06 23:14:55;20:29;0:1
2022-10-06 23:14:57;20:31;0:1
2022-10-06 23:14:59;20:33;0:1
2022-10-06 23:15:01;20:35;0:1
2022-10-06 23:15:03;20:36;0:1
2022-10-06 23:15:04;20:38;0:1
2022-10-06 23:15:06;20:40;0:1
2022-10-06 23:15:08;20:42;0:1
2022-10-06 23:15:10;20:44;0:1
2022-10-06 23:15:12;20:45;0:1
2022-10-06 23:15:13;20:47;0:1
2022-10-06 23:15:15;20:49;0:1
2022-10-06 23:15:17;20:51;0:1
2022-10-06 23:15:19;20:53;0:1
2022-10-06 23:15:21;20:54;0:1
2022-10-06 23:15:23;20:56;0:1
2022-10-06 23:15:24;20:58;0:1
2022-10-06 23:15:26;21:0;0:1
2022-10-06 23:15:28;21:2;0:1
2022-10-06 23:15:30;21:4;0:1
2022-10-06 23:15:32;21:5;0:1
2022-10-06 23:15:34;21:7;0:1
2022-10-06 23:15:35;21:9;0:1
2022-10-06 23:15:37;21:11;0:1
2022-10-06 23:15:39;21:13;0:1
2022-10-06 23:15:41;21:15;0:1
2022-10-06 23:15:43;21:17;0:1
2022-10-06 23:15:45;21:18;0:1
2022-10-06 23:15:47;21:20;0:1
2022-10-06 23:15:48;21:22;0:1
2022-10-06 23:15:50;21:24;0:1
2022-10-06 23:15:52;21:26;0:1
2022-10-06 23:15:54;21:27;0:1
2022-10-06 23:15:56;21:29;0:1
2022-10-06 23:15:57;21:31;0:1
2022-10-06 23:15:59;21:33;0:1
2022-10-06 23:16:01;21:35;0:1
2022-10-06 23:16:03;21:37;0:1
2022-10-06 23:16:05;21:38;0:1
2022-10-06 23:16:07;21:40;0:1
2022-10-06 23:16:08;21:42;0:1
2022-10-06 23:16:10;21:44;0:1
2022-10-06 23:16:12;21:46;0:1
2022-10-06 23:16:14;21:48;0:1
2022-10-06 23:16:16;21:49;0:1
2022-10-06 23:16:18;21:51;0:1
2022-10-06 23:16:20;21:53;0:1
2022-10-06 23:16:21;21:55;0:1
2022-10-06 23:16:23;21:57;0:1
2022-10-06 23:16:25;21:59;0:1
2022-10-06 23:16:27;22:1;0:1
2022-10-06 23:16:29;22:2;0:1
2022-10-06 23:16:31;22:4;0:1
2022-10-06 23:16:32;22:6;0:1
2022-10-06 23:16:34;22:8;0:1
2022-10-06 23:16:36;22:10;0:1
2022-10-06 23:16:38;22:12;0:1
2022-10-06 23:16:40;22:14;0:1
2022-10-06 23:16:42;22:15;0:1
2022-10-06 23:16:44;22:17;0:1
2022-10-06 23:16:45;22:19;0:1
2022-10-06 23:16:47;22:21;0:1
2022-10-06 23:16:49;22:23;0:1
2022-10-06 23:16:51;22:25;0:1
2022-10-06 23:16:53;22:27;0:1
2022-10-06 23:16:55;22:29;0:1
2022-10-06 23:16:57;22:30;0:1
2022-10-06 23:16:59;22:32;0:1
2022-10-06 23:17:00;22:34;0:1
2022-10-06 23:17:02;22:36;0:1
2022-10-06 23:17:04;22:38;0:1
2022-10-06 23:17:06;22:40;0:1
2022-10-06 23:17:08;22:42;0:1
2022-10-06 23:17:10;22:43;0:1
2022-10-06 23:17:12;22:45;0:1
2022-10-06 23:17:14;22:47;0:1
2022-10-06 23:17:16;22:49;0:1
2022-10-06 23:17:17;22:51;0:1
2022-10-06 23:17:19;22:53;0:1
2022-10-06 23:17:21;22:55;0:1
2022-10-06 23:17:23;22:57;0:1
2022-10-06 23:17:25;22:59;0:1
2022-10-06 23:17:27;23:1;0:1
2022-10-06 23:17:29;23:3;0:1
2022-10-06 23:17:31;23:5;0:1
2022-10-06 23:17:33;23:6;0:1
2022-10-06 23:17:35;23:8;0:1
2022-10-06 23:17:37;23:10;0:1
2022-10-06 23:17:38;23:12;0:1
2022-10-06 23:17:40;23:14;0:1
2022-10-06 23:17:42;23:16;0:1
2022-10-06 23:17:44;23:18;0:1
2022-10-06 23:17:46;23:20;0:1
2022-10-06 23:17:48;23:22;0:1
2022-10-06 23:17:50;23:23;0:1
2022-10-06 23:17:52;23:25;0:1
2022-10-06 23:17:54;23:27;0:1
2022-10-06 23:17:56;23:29;0:1
2022-10-06 23:17:57;23:31;0:1
2022-10-06 23:17:59;23:33;0:1
2022-10-06 23:18:01;23:35;0:1
2022-10-06 23:18:03;23:37;0:1
2022-10-06 23:18:05;23:39;0:1
2022-10-06 23:18:07;23:41;0:1
2022-10-06 23:18:09;23:42;0:1
2022-10-06 23:18:11;23:44;0:1
2022-10-06 23:18:13;23:46;0:1
2022-10-06 23:18:15;23:48;0:1
2022-10-06 23:18:16;23:50;0:1
2022-10-06 23:18:18;23:52;0:1
2022-10-06 23:18:20;23:54;0:1
2022-10-06 23:18:22;23:56;0:1
2022-10-06 23:18:24;23:58;0:1
2022-10-06 23:18:26;24:0;0:1
2022-10-06 23:18:28;24:1;0:1
2022-10-06 23:18:30;24:3;0:1
2022-10-06 23:18:31;24:5;0:1
2022-10-06 23:18:33;24:7;0:1
2022-10-06 23:18:35;24:9;0:1
2022-10-06 23:18:37;24:11;0:1
2022-10-06 23:18:39;24:13;0:1
2022-10-06 23:18:41;24:15;0:1
2022-10-06 23:18:43;24:16;0:1
2022-10-06 23:18:45;24:18;0:1
2022-10-06 23:18:46;24:20;0:1
2022-10-06 23:18:48;24:22;0:1
2022-10-06 23:18:50;24:24;0:1
2022-10-06 23:18:52;24:26;0:1
2022-10-06 23:18:54;24:28;0:1
2022-10-06 23:18:56;24:30;0:1
2022-10-06 23:18:58;24:31;0:1
2022-10-06 23:18:59;24:33;0:1
2022-10-06 23:19:01;24:35;0:1
2022-10-06 23:19:03;24:37;0:1
2022-10-06 23:19:05;24:39;0:1
2022-10-06 23:19:07;24:40;0:1
2022-10-06 23:19:08;24:42;0:1
2022-10-06 23:19:10;24:44;0:1
2022-10-06 23:19:12;24:46;0:1
2022-10-06 23:19:14;24:48;0:1
2022-10-06 23:19:16;24:50;0:1
2022-10-06 23:19:18;24:52;0:1
2022-10-06 23:19:20;24:53;0:1
2022-10-06 23:19:22;24:55;0:1
2022-10-06 23:19:24;24:57;0:1
2022-10-06 23:19:25;24:59;0:1
2022-10-06 23:19:27;25:1;0:1
2022-10-06 23:19:29;25:3;0:1
2022-10-06 23:19:31;25:5;0:1
2022-10-06 23:19:33;25:7;0:1
2022-10-06 23:19:35;25:8;0:1
2022-10-06 23:19:37;25:10;0:1
2022-10-06 23:19:38;25:12;0:1
2022-10-06 23:19:40;25:14;0:1
2022-10-06 23:19:42;25:16;0:1
2022-10-06 23:19:44;25:18;0:1
2022-10-06 23:19:46;25:20;0:1
2022-10-06 23:19:48;25:22;0:1
2022-10-06 23:19:50;25:24;0:1
2022-10-06 23:19:52;25:26;0:1
2022-10-06 23:19:54;25:27;0:1
2022-10-06 23:19:56;25:29;0:1
2022-10-06 23:19:58;25:31;0:1
2022-10-06 23:20:00;25:33;0:1
2022-10-06 23:20:01;25:35;0:1
2022-10-06 23:20:03;25:37;0:1
2022-10-06 23:20:05;25:39;0:1
2022-10-06 23:20:07;25:41;0:1
2022-10-06 23:20:09;25:43;0:1
2022-10-06 23:20:11;25:45;0:1
2022-10-06 23:20:13;25:47;0:1
2022-10-06 23:20:15;25:48;0:1
2022-10-06 23:20:17;25:50;0:1
2022-10-06 23:20:19;25:52;0:1
2022-10-06 23:20:21;25:54;0:1
2022-10-06 23:20:22;25:56;0:1
2022-10-06 23:20:24;25:58;0:1
2022-10-06 23:20:26;26:0;0:1
2022-10-06 23:20:28;26:2;0:1
2022-10-06 23:20:30;26:4;0:1
2022-10-06 23:20:32;26:6;0:1
2022-10-06 23:20:34;26:8;0:1
2022-10-06 23:20:36;26:10;0:1
2022-10-06 23:20:38;26:12;0:1
2022-10-06 23:20:40;26:13;0:1
2022-10-06 23:20:42;26:16;0:1
2022-10-06 23:20:44;26:17;0:1
2022-10-06 23:20:46;26:19;0:1
2022-10-06 23:20:48;26:21;0:1
2022-10-06 23:20:50;26:23;0:1
2022-10-06 23:20:52;26:25;0:1
2022-10-06 23:20:53;26:27;0:1
2022-10-06 23:20:55;26:29;0:1
2022-10-06 23:20:57;26:31;0:1
2022-10-06 23:20:59;26:33;0:1
2022-10-06 23:21:01;26:35;0:1
2022-10-06 23:21:03;26:37;0:1
2022-10-06 23:21:05;26:39;0:1
2022-10-06 23:21:07;26:41;0:1
2022-10-06 23:21:09;26:43;0:1
2022-10-06 23:21:11;26:44;0:1
2022-10-06 23:21:13;26:46;0:1
2022-10-06 23:21:14;26:48;0:1
2022-10-06 23:21:16;26:50;0:1
2022-10-06 23:21:18;26:52;0:1
2022-10-06 23:21:20;26:54;0:1
2022-10-06 23:21:22;26:56;0:1
2022-10-06 23:21:24;26:58;0:1
2022-10-06 23:21:26;27:0;0:1
2022-10-06 23:21:28;27:2;0:1
2022-10-06 23:21:30;27:4;0:1
2022-10-06 23:21:32;27:6;0:1
2022-10-06 23:21:34;27:8;0:1
2022-10-06 23:21:36;27:10;0:1
2022-10-06 23:21:38;27:12;0:1
2022-10-06 23:21:40;27:13;0:1
2022-10-06 23:21:42;27:15;0:1
2022-10-06 23:21:44;27:17;0:1
2022-10-06 23:21:45;27:19;0:1
2022-10-06 23:21:47;27:21;0:1
2022-10-06 23:21:49;27:23;0:1
2022-10-06 23:21:51;27:25;0:1
2022-10-06 23:21:53;27:27;0:1
2022-10-06 23:21:55;27:29;0:1
2022-10-06 23:21:57;27:31;0:1
2022-10-06 23:21:59;27:33;0:1
2022-10-06 23:22:01;27:35;0:1
2022-10-06 23:22:03;27:36;0:1
2022-10-06 23:22:05;27:38;0:1
2022-10-06 23:22:06;27:40;0:1
2022-10-06 23:22:08;27:42;0:1
2022-10-06 23:22:10;27:44;0:1
2022-10-06 23:22:12;27:46;0:1
2022-10-06 23:22:14;27:48;0:1
2022-10-06 23:22:16;27:49;0:1
2022-10-06 23:22:18;27:51;0:1
2022-10-06 23:22:19;27:53;0:1
2022-10-06 23:22:21;27:55;0:1
2022-10-06 23:22:23;27:57;0:1
2022-10-06 23:22:25;27:59;0:1
2022-10-06 23:22:27;28:1;0:1
2022-10-06 23:22:29;28:3;0:1
2022-10-06 23:22:31;28:4;0:1
2022-10-06 23:22:33;28:6;0:1
2022-10-06 23:22:34;28:8;0:1
2022-10-06 23:22:36;28:10;0:1
2022-10-06 23:22:38;28:12;0:1
2022-10-06 23:22:40;28:14;0:1
2022-10-06 23:22:42;28:15;0:1
2022-10-06 23:22:43;28:17;0:1
2022-10-06 23:22:45;28:19;0:1
2022-10-06 23:22:47;28:21;0:1
2022-10-06 23:22:49;28:23;0:1
2022-10-06 23:22:51;28:25;0:1
2022-10-06 23:22:53;28:26;0:1
2022-10-06 23:22:54;28:28;0:1
2022-10-06 23:22:56;28:30;0:1
2022-10-06 23:22:58;28:32;0:1
2022-10-06 23:23:00;28:34;0:1
2022-10-06 23:23:02;28:36;0:1
2022-10-06 23:23:04;28:38;0:1
2022-10-06 23:23:06;28:39;0:1
2022-10-06 23:23:08;28:41;0:1
2022-10-06 23:23:09;28:43;0:1
2022-10-06 23:23:11;28:45;0:1
2022-10-06 23:23:13;28:47;0:1
2022-10-06 23:23:15;28:49;0:1
2022-10-06 23:23:17;28:50;0:1
2022-10-06 23:23:19;28:52;0:1
2022-10-06 23:23:20;28:54;0:1
2022-10-06 23:23:22;28:56;0:1
2022-10-06 23:23:24;28:58;0:1
2022-10-06 23:23:26;29:0;0:1
2022-10-06 23:23:28;29:1;0:1
2022-10-06 23:23:30;29:3;0:1
2022-10-06 23:23:31;29:5;0:1
2022-10-06 23:23:33;29:7;0:1
2022-10-06 23:23:35;29:9;0:1
2022-10-06 23:23:37;29:11;0:1
2022-10-06 23:23:39;29:13;0:1
2022-10-06 23:23:41;29:14;0:1
2022-10-06 23:23:42;29:16;0:1
2022-10-06 23:23:44;29:18;0:1
2022-10-06 23:23:46;29:20;0:1
2022-10-06 23:23:48;29:22;0:1
2022-10-06 23:23:50;29:24;0:1
2022-10-06 23:23:52;29:25;0:1
2022-10-06 23:23:54;29:27;0:1
2022-10-06 23:23:55;29:29;0:1
2022-10-06 23:23:57;29:31;0:1
2022-10-06 23:23:59;29:33;0:1
2022-10-06 23:24:01;29:34;0:1
2022-10-06 23:24:03;29:36;0:1
2022-10-06 23:24:04;29:38;0:1
2022-10-06 23:24:06;29:40;0:1
2022-10-06 23:24:08;29:42;0:1
2022-10-06 23:24:10;29:44;0:1
2022-10-06 23:24:12;29:46;0:1
2022-10-06 23:24:14;29:48;0:1
2022-10-06 23:24:16;29:49;0:1
2022-10-06 23:24:17;29:51;0:1
2022-10-06 23:24:19;29:53;0:1
2022-10-06 23:24:21;29:55;0:1
2022-10-06 23:24:23;29:57;0:1
2022-10-06 23:24:25;29:59;0:1
2022-10-06 23:24:27;30:0;0:1
2022-10-06 23:24:29;30:2;0:1
2022-10-06 23:24:30;30:4;0:1
2022-10-06 23:24:32;30:6;0:1
2022-10-06 23:24:34;30:8;0:1
2022-10-06 23:24:36;30:10;0:1
2022-10-06 23:24:38;30:12;0:1
2022-10-06 23:24:40;30:13;0:1
2022-10-06 23:24:41;30:15;0:1
2022-10-06 23:24:43;30:17;0:1
2022-10-06 23:24:45;30:19;0:1
2022-10-06 23:24:47;30:21;0:1
2022-10-06 23:24:49;30:23;0:1
2022-10-06 23:24:51;30:24;0:1
2022-10-06 23:24:52;30:26;0:1
2022-10-06 23:24:54;30:28;0:1
2022-10-06 23:24:56;30:30;0:1
2022-10-06 23:24:58;30:32;0:1
2022-10-06 23:25:00;30:34;0:1
2022-10-06 23:25:02;30:35;0:1
2022-10-06 23:25:04;30:37;0:1
2022-10-06 23:25:06;30:39;0:1
2022-10-06 23:25:07;30:41;0:1
2022-10-06 23:25:09;30:43;0:1
2022-10-06 23:25:11;30:45;0:1
2022-10-06 23:25:13;30:47;0:1
2022-10-06 23:25:15;30:49;0:1
2022-10-06 23:25:17;30:51;0:1
2022-10-06 23:25:19;30:53;0:1
2022-10-06 23:25:21;30:55;0:1
2022-10-06 23:25:23;30:57;0:1
2022-10-06 23:25:25;30:59;0:1
2022-10-06 23:25:27;31:0;0:1
2022-10-06 23:25:29;31:2;0:1
2022-10-06 23:25:31;31:4;0:1
2022-10-06 23:25:32;31:6;0:1
2022-10-06 23:25:34;31:8;0:1
2022-10-06 23:25:36;31:10;0:1
2022-10-06 23:25:38;31:12;0:1
2022-10-06 23:25:40;31:14;0:1
2022-10-06 23:25:42;31:16;0:1
2022-10-06 23:25:44;31:18;0:1
2022-10-06 23:25:46;31:20;0:1
2022-10-06 23:25:48;31:21;0:1
2022-10-06 23:25:50;31:23;0:1
2022-10-06 23:25:51;31:25;0:1
2022-10-06 23:25:53;31:27;0:1
2022-10-06 23:25:55;31:29;0:1
2022-10-06 23:25:57;31:31;0:1
2022-10-06 23:25:59;31:33;0:1
2022-10-06 23:26:01;31:34;0:1
2022-10-06 23:26:03;31:36;0:1
2022-10-06 23:26:04;31:38;0:1
2022-10-06 23:26:06;31:40;0:1
2022-10-06 23:26:08;31:42;0:1
2022-10-06 23:26:10;31:44;0:1
2022-10-06 23:26:12;31:46;0:1
2022-10-06 23:26:14;31:48;0:1
2022-10-06 23:26:16;31:49;0:1
2022-10-06 23:26:18;31:51;0:1
2022-10-06 23:26:20;31:53;0:1
2022-10-06 23:26:22;31:56;0:1
2022-10-06 23:26:24;31:58;0:1
2022-10-06 23:26:27;32:1;0:1
2022-10-06 23:26:29;32:3;0:1
2022-10-06 23:26:31;32:5;0:1
2022-10-06 23:26:33;32:7;0:1
2022-10-06 23:26:35;32:9;0:1
2022-10-06 23:26:38;32:12;0:1
2022-10-06 23:26:40;32:14;0:1
2022-10-06 23:26:43;32:16;0:1
2022-10-06 23:26:45;32:18;0:1
2022-10-06 23:26:47;32:20;0:1
2022-10-06 23:26:49;32:23;0:1
2022-10-06 23:26:51;32:25;0:1
2022-10-06 23:26:53;32:27;0:1
2022-10-06 23:26:55;32:29;0:1
2022-10-06 23:26:57;32:31;0:1
2022-10-06 23:26:59;32:33;0:1
2022-10-06 23:27:01;32:35;0:1
2022-10-06 23:27:03;32:37;0:1
2022-10-06 23:27:05;32:39;0:1
2022-10-06 23:27:07;32:41;0:1
2022-10-06 23:27:09;32:43;0:1
2022-10-06 23:27:11;32:45;0:1
2022-10-06 23:27:13;32:47;0:1
2022-10-06 23:27:15;32:49;0:1
2022-10-06 23:27:17;32:51;0:1
2022-10-06 23:27:19;32:53;0:1
2022-10-06 23:27:21;32:55;0:1
2022-10-06 23:27:23;32:56;0:1
2022-10-06 23:27:25;32:58;0:1
2022-10-06 23:27:27;33:0;0:1
2022-10-06 23:27:28;33:2;0:1
2022-10-06 23:27:30;33:4;0:1
2022-10-06 23:27:32;33:6;0:1
2022-10-06 23:27:34;33:8;0:1
2022-10-06 23:27:36;33:10;0:1
2022-10-06 23:27:38;33:12;0:1
2022-10-06 23:27:40;33:14;0:1
2022-10-06 23:27:42;33:15;0:1
2022-10-06 23:27:44;33:17;0:1
2022-10-06 23:27:46;33:19;0:1
2022-10-06 23:27:47;33:21;0:1
2022-10-06 23:27:49;33:23;0:1
2022-10-06 23:27:51;33:25;0:1
2022-10-06 23:27:53;33:27;0:1
2022-10-06 23:27:55;33:29;0:1
2022-10-06 23:27:57;33:31;0:1
2022-10-06 23:27:59;33:32;0:1
2022-10-06 23:28:01;33:34;0:1
2022-10-06 23:28:03;33:36;0:1
2022-10-06 23:28:04;33:38;0:1
2022-10-06 23:28:06;33:40;0:1
2022-10-06 23:28:08;33:42;0:1
2022-10-06 23:28:10;33:44;0:1
2022-10-06 23:28:12;33:46;0:1
2022-10-06 23:28:14;33:47;0:1
2022-10-06 23:28:16;33:49;0:1
2022-10-06 23:28:17;33:51;0:1
2022-10-06 23:28:19;33:53;0:1
2022-10-06 23:28:21;33:55;0:1
2022-10-06 23:28:23;33:57;0:1
2022-10-06 23:28:25;33:59;0:1
2022-10-06 23:28:27;34:0;0:1
2022-10-06 23:28:29;34:2;0:1
2022-10-06 23:28:31;34:4;0:1
2022-10-06 23:28:32;34:6;0:1
2022-10-06 23:28:34;34:8;0:1
2022-10-06 23:28:36;34:10;0:1
2022-10-06 23:28:38;34:12;0:1
2022-10-06 23:28:40;34:14;0:1
2022-10-06 23:28:42;34:15;0:1
2022-10-06 23:28:44;34:17;0:1
2022-10-06 23:28:46;34:19;0:1
2022-10-06 23:28:47;34:21;0:1
2022-10-06 23:28:49;34:23;0:1
2022-10-06 23:28:51;34:25;0:1
2022-10-06 23:28:53;34:27;0:1
2022-10-06 23:28:55;34:29;0:1
2022-10-06 23:28:57;34:30;0:1
2022-10-06 23:28:59;34:32;0:1
2022-10-06 23:29:01;34:34;0:1
2022-10-06 23:29:02;34:36;0:1
2022-10-06 23:29:04;34:38;0:1
2022-10-06 23:29:06;34:40;0:1
2022-10-06 23:29:08;34:42;0:1
2022-10-06 23:29:10;34:44;0:1
2022-10-06 23:29:12;34:46;0:1
2022-10-06 23:29:14;34:48;0:1
2022-10-06 23:29:16;34:49;0:1
2022-10-06 23:29:18;34:51;0:1
2022-10-06 23:29:20;34:53;0:1
2022-10-06 23:29:21;34:55;0:1
2022-10-06 23:29:23;34:57;0:1
2022-10-06 23:29:25;34:59;0:1
2022-10-06 23:29:27;35:1;0:1
2022-10-06 23:29:29;35:3;0:1
2022-10-06 23:29:31;35:5;0:1
2022-10-06 23:29:33;35:7;0:1
2022-10-06 23:29:35;35:9;0:1
2022-10-06 23:29:37;35:11;0:1
2022-10-06 23:29:39;35:12;0:1
2022-10-06 23:29:41;35:14;0:1
2022-10-06 23:29:43;35:16;0:1
2022-10-06 23:29:44;35:18;0:1
2022-10-06 23:29:46;35:20;0:1
2022-10-06 23:29:48;35:22;0:1
2022-10-06 23:29:50;35:24;0:1
2022-10-06 23:29:52;35:26;0:1
2022-10-06 23:29:54;35:28;0:1
2022-10-06 23:29:56;35:30;0:1
2022-10-06 23:29:58;35:32;0:1
2022-10-06 23:30:00;35:34;0:1
2022-10-06 23:30:02;35:36;0:1
2022-10-06 23:30:04;35:38;0:1
2022-10-06 23:30:06;35:40;0:1
2022-10-06 23:30:08;35:41;0:1
2022-10-06 23:30:10;35:43;0:1
2022-10-06 23:30:12;35:45;0:1
2022-10-06 23:30:14;35:47;0:1
2022-10-06 23:30:16;35:49;0:1
2022-10-06 23:30:18;35:51;0:1
2022-10-06 23:30:19;35:53;0:1
2022-10-06 23:30:21;35:55;0:1
2022-10-06 23:30:23;35:57;0:1
2022-10-06 23:30:25;35:59;0:1
2022-10-06 23:30:27;36:1;0:1
2022-10-06 23:30:29;36:3;0:1
2022-10-06 23:30:31;36:5;0:1
2022-10-06 23:30:33;36:7;0:1
2022-10-06 23:30:35;36:9;0:1
2022-10-06 23:30:37;36:11;0:1
2022-10-06 23:30:39;36:13;0:1
2022-10-06 23:30:41;36:15;0:1
2022-10-06 23:30:43;36:17;0:1
2022-10-06 23:30:45;36:19;0:1
2022-10-06 23:30:47;36:21;0:1
2022-10-06 23:30:49;36:23;0:1
2022-10-06 23:30:51;36:25;0:1
2022-10-06 23:30:53;36:27;0:1
2022-10-06 23:30:55;36:29;0:1
2022-10-06 23:30:57;36:31;0:1
2022-10-06 23:30:59;36:32;0:1
2022-10-06 23:31:01;36:34;0:1
2022-10-06 23:31:03;36:36;0:1
2022-10-06 23:31:05;36:38;0:1
2022-10-06 23:31:07;36:40;0:1
2022-10-06 23:31:08;36:42;0:1
2022-10-06 23:31:10;36:44;0:1
2022-10-06 23:31:12;36:46;0:1
2022-10-06 23:31:14;36:48;0:1
2022-10-06 23:31:16;36:50;0:1
2022-10-06 23:31:18;36:52;0:1
2022-10-06 23:31:20;36:54;0:1
2022-10-06 23:31:22;36:56;0:1
2022-10-06 23:31:24;36:58;0:1
2022-10-06 23:31:26;36:59;0:1
2022-10-06 23:31:28;37:1;0:1
2022-10-06 23:31:30;37:3;0:1
2022-10-06 23:31:31;37:5;0:1
2022-10-06 23:31:33;37:7;0:1
2022-10-06 23:31:35;37:9;0:1
2022-10-06 23:31:37;37:11;0:1
2022-10-06 23:31:39;37:13;0:1
2022-10-06 23:31:41;37:14;0:1
2022-10-06 23:31:42;37:16;0:1
2022-10-06 23:31:44;37:18;0:1
2022-10-06 23:31:46;37:20;0:1
2022-10-06 23:31:48;37:22;0:1
2022-10-06 23:31:50;37:24;0:1
2022-10-06 23:31:52;37:25;0:1
2022-10-06 23:31:54;37:27;0:1
2022-10-06 23:31:55;37:29;0:1
2022-10-06 23:31:57;37:31;0:1
2022-10-06 23:31:59;37:33;0:1
2022-10-06 23:32:01;37:35;0:1
2022-10-06 23:32:03;37:36;0:1
2022-10-06 23:32:05;37:38;0:1
2022-10-06 23:32:06;37:40;0:1
2022-10-06 23:32:08;37:42;0:1
2022-10-06 23:32:10;37:44;0:1
2022-10-06 23:32:12;37:46;0:1
2022-10-06 23:32:14;37:48;0:1
2022-10-06 23:32:16;37:49;0:1
2022-10-06 23:32:18;37:51;0:1
2022-10-06 23:32:20;37:53;0:1
2022-10-06 23:32:21;37:55;0:1
2022-10-06 23:32:23;37:57;0:1
2022-10-06 23:32:25;37:59;0:1
2022-10-06 23:32:27;38:1;0:1
2022-10-06 23:32:29;38:3;0:1
2022-10-06 23:32:31;38:4;0:1
2022-10-06 23:32:33;38:6;0:1
2022-10-06 23:32:34;38:8;0:1
2022-10-06 23:32:36;38:10;0:1
2022-10-06 23:32:38;38:12;0:1
2022-10-06 23:32:40;38:14;0:1
2022-10-06 23:32:42;38:16;0:1
2022-10-06 23:32:44;38:17;0:1
2022-10-06 23:32:46;38:19;0:1
2022-10-06 23:32:47;38:21;0:1
2022-10-06 23:32:49;38:23;0:1
2022-10-06 23:32:51;38:25;0:1
2022-10-06 23:32:53;38:27;0:1
2022-10-06 23:32:55;38:29;0:1
2022-10-06 23:32:57;38:31;0:1
2022-10-06 23:32:59;38:32;0:1
2022-10-06 23:33:01;38:34;0:1
2022-10-06 23:33:03;38:36;0:1
2022-10-06 23:33:04;38:38;0:1
2022-10-06 23:33:06;38:40;0:1
2022-10-06 23:33:08;38:42;0:1
2022-10-06 23:33:11;38:44;0:1
2022-10-06 23:33:13;38:47;0:1
2022-10-06 23:33:16;38:50;0:2
2022-10-06 23:33:19;38:52;0:2
2022-10-06 23:33:21;38:55;0:2
2022-10-06 23:33:24;38:58;0:1
2022-10-06 23:33:27;39:1;0:1
2022-10-06 23:33:29;39:3;0:1
2022-10-06 23:33:32;39:6;0:1
2022-10-06 23:33:35;39:8;0:1
2022-10-06 23:33:37;39:11;0:1
2022-10-06 23:33:40;39:13;0:1
2022-10-06 23:33:42;39:16;0:1
2022-10-06 23:33:45;39:18;0:1
2022-10-06 23:33:47;39:21;0:1
2022-10-06 23:33:50;39:23;0:1
2022-10-06 23:33:52;39:26;0:1
2022-10-06 23:33:54;39:28;0:1
2022-10-06 23:33:57;39:30;0:1
2022-10-06 23:33:59;39:33;0:1
2022-10-06 23:34:01;39:35;0:1
2022-10-06 23:34:03;39:37;0:1
2022-10-06 23:34:06;39:39;0:1
2022-10-06 23:34:08;39:42;0:1
2022-10-06 23:34:10;39:44;0:1
2022-10-06 23:34:12;39:46;0:1
2022-10-06 23:34:14;39:48;0:1
2022-10-06 23:34:16;39:50;0:1
2022-10-06 23:34:18;39:52;0:1
2022-10-06 23:34:21;39:54;0:1
2022-10-06 23:34:22;39:56;0:1
2022-10-06 23:34:25;39:58;0:1
2022-10-06 23:34:27;40:0;0:1
2022-10-06 23:34:29;40:2;0:1
2022-10-06 23:34:31;40:4;0:1
2022-10-06 23:34:33;40:7;0:1
2022-10-06 23:34:35;40:8;0:1
2022-10-06 23:34:37;40:11;0:1
2022-10-06 23:34:39;40:13;0:1
2022-10-06 23:34:41;40:15;0:1
2022-10-06 23:34:43;40:17;0:1
2022-10-06 23:34:45;40:19;0:1
2022-10-06 23:34:47;40:21;0:1
2022-10-06 23:34:49;40:23;0:1
2022-10-06 23:34:51;40:25;0:1
2022-10-06 23:34:53;40:27;0:1
2022-10-06 23:34:55;40:29;0:1
2022-10-06 23:34:57;40:31;0:1
2022-10-06 23:34:59;40:33;0:1
2022-10-06 23:35:01;40:35;0:1
2022-10-06 23:35:03;40:37;0:1
2022-10-06 23:35:05;40:39;0:1
2022-10-06 23:35:07;40:40;0:1
2022-10-06 23:35:09;40:42;0:1
2022-10-06 23:35:11;40:44;0:1
2022-10-06 23:35:13;40:46;0:1
2022-10-06 23:35:15;40:48;0:1
2022-10-06 23:35:16;40:50;0:1
2022-10-06 23:35:19;40:52;0:1
2022-10-06 23:35:20;40:54;0:1
2022-10-06 23:35:22;40:56;0:1
2022-10-06 23:35:24;40:58;0:1
2022-10-06 23:35:26;41:0;0:1
2022-10-06 23:35:28;41:2;0:1
2022-10-06 23:35:30;41:4;0:1
2022-10-06 23:35:32;41:6;0:1
2022-10-06 23:35:34;41:8;0:1
2022-10-06 23:35:36;41:10;0:1
2022-10-06 23:35:38;41:12;0:1
2022-10-06 23:35:40;41:13;0:1
2022-10-06 23:35:42;41:15;0:1
2022-10-06 23:35:44;41:17;0:1
2022-10-06 23:35:45;41:19;0:1
2022-10-06 23:35:47;41:21;0:1
2022-10-06 23:35:49;41:23;0:1
2022-10-06 23:35:51;41:25;0:1
2022-10-06 23:35:53;41:27;0:1
2022-10-06 23:35:55;41:29;0:1
2022-10-06 23:35:57;41:31;0:1
2022-10-06 23:35:59;41:33;0:1
2022-10-06 23:36:01;41:35;0:1
2022-10-06 23:36:03;41:37;0:1
2022-10-06 23:36:05;41:39;0:1
2022-10-06 23:36:07;41:41;0:1
2022-10-06 23:36:09;41:43;0:1
2022-10-06 23:36:11;41:45;0:1
2022-10-06 23:36:13;41:47;0:1
2022-10-06 23:36:15;41:49;0:1
2022-10-06 23:36:17;41:51;0:1
2022-10-06 23:36:19;41:53;0:1
2022-10-06 23:36:21;41:54;0:1
2022-10-06 23:36:23;41:57;0:1
2022-10-06 23:36:25;41:58;0:1
2022-10-06 23:36:27;42:0;0:1
2022-10-06 23:36:29;42:2;0:1
2022-10-06 23:36:31;42:4;0:1
2022-10-06 23:36:33;42:6;0:1
2022-10-06 23:36:34;42:8;0:1
2022-10-06 23:36:36;42:10;0:1
2022-10-06 23:36:38;42:12;0:1
2022-10-06 23:36:40;42:14;0:1
2022-10-06 23:36:42;42:16;0:1
2022-10-06 23:36:44;42:18;0:1
2022-10-06 23:36:46;42:20;0:1
2022-10-06 23:36:48;42:22;0:1
2022-10-06 23:36:50;42:24;0:1
2022-10-06 23:36:52;42:26;0:1
2022-10-06 23:36:54;42:28;0:1
2022-10-06 23:36:56;42:30;0:1
2022-10-06 23:36:58;42:32;0:1
2022-10-06 23:37:00;42:34;0:1
2022-10-06 23:37:02;42:36;0:1
2022-10-06 23:37:04;42:38;0:1
2022-10-06 23:37:06;42:40;0:1
2022-10-06 23:37:08;42:42;0:1
2022-10-06 23:37:10;42:44;0:1
2022-10-06 23:37:12;42:46;0:1
2022-10-06 23:37:14;42:48;0:1
2022-10-06 23:37:16;42:50;0:1
2022-10-06 23:37:18;42:52;0:1
2022-10-06 23:37:20;42:54;0:1
2022-10-06 23:37:22;42:56;0:1
2022-10-06 23:37:24;42:58;0:1
2022-10-06 23:37:27;43:0;0:1
2022-10-06 23:37:29;43:2;0:1
2022-10-06 23:37:31;43:4;0:1
2022-10-06 23:37:33;43:6;0:1
2022-10-06 23:37:35;43:8;0:1
2022-10-06 23:37:37;43:10;0:1
2022-10-06 23:37:39;43:12;0:1
2022-10-06 23:37:41;43:14;0:1
2022-10-06 23:37:43;43:16;0:1
2022-10-06 23:37:45;43:18;0:1
2022-10-06 23:37:47;43:20;0:1
2022-10-06 23:37:49;43:22;0:1
2022-10-06 23:37:51;43:24;0:1
2022-10-06 23:37:53;43:26;0:1
2022-10-06 23:37:55;43:28;0:1
2022-10-06 23:37:57;43:30;0:1
2022-10-06 23:37:59;43:32;0:1
2022-10-06 23:38:01;43:34;0:1
2022-10-06 23:38:03;43:36;0:1
2022-10-06 23:38:05;43:38;0:1
2022-10-06 23:38:07;43:40;0:1
2022-10-06 23:38:09;43:42;0:1
2022-10-06 23:38:11;43:45;0:1
2022-10-06 23:38:13;43:46;0:1
2022-10-06 23:38:15;43:49;0:1
2022-10-06 23:38:17;43:51;0:1
2022-10-06 23:38:19;43:53;0:1
2022-10-06 23:38:21;43:54;0:1
2022-10-06 23:38:23;43:56;0:1
2022-10-06 23:38:25;43:58;0:1
2022-10-06 23:38:27;44:0;0:1
2022-10-06 23:38:29;44:2;0:1
2022-10-06 23:38:30;44:4;0:1
2022-10-06 23:38:32;44:6;0:1
2022-10-06 23:38:34;44:8;0:1
2022-10-06 23:38:36;44:10;0:1
2022-10-06 23:38:38;44:12;0:1
2022-10-06 23:38:40;44:14;0:1
2022-10-06 23:38:42;44:16;0:1
2022-10-06 23:38:44;44:18;0:1
2022-10-06 23:38:46;44:20;0:1
2022-10-06 23:38:48;44:22;0:1
2022-10-06 23:38:50;44:24;0:1
2022-10-06 23:38:52;44:26;0:1
2022-10-06 23:38:54;44:28;0:1
2022-10-06 23:38:56;44:30;0:1
2022-10-06 23:38:58;44:32;0:1
2022-10-06 23:39:00;44:34;0:1
2022-10-06 23:39:02;44:36;0:1
2022-10-06 23:39:04;44:38;0:1
2022-10-06 23:39:06;44:40;0:1
2022-10-06 23:39:08;44:42;0:1
2022-10-06 23:39:10;44:43;0:1
2022-10-06 23:39:12;44:45;0:1
2022-10-06 23:39:14;44:47;0:1
2022-10-06 23:39:16;44:49;0:1
2022-10-06 23:39:18;44:51;0:1
2022-10-06 23:39:20;44:53;0:1
2022-10-06 23:39:22;44:55;0:1
2022-10-06 23:39:23;44:57;0:1
2022-10-06 23:39:25;44:59;0:1
2022-10-06 23:39:27;45:1;0:1
2022-10-06 23:39:29;45:3;0:1
2022-10-06 23:39:31;45:5;0:1
2022-10-06 23:39:33;45:7;0:1
2022-10-06 23:39:35;45:8;0:1
2022-10-06 23:39:37;45:10;0:1
2022-10-06 23:39:38;45:12;0:1
2022-10-06 23:39:40;45:14;0:1
2022-10-06 23:39:42;45:16;0:1
2022-10-06 23:39:44;45:18;0:1
2022-10-06 23:39:46;45:19;0:1
2022-10-06 23:39:48;45:21;0:1
2022-10-06 23:39:49;45:23;0:1
2022-10-06 23:39:51;45:25;0:1
2022-10-06 23:39:53;45:27;0:1
2022-10-06 23:39:55;45:29;0:1
2022-10-06 23:39:57;45:30;0:1
2022-10-06 23:39:59;45:32;0:1
2022-10-06 23:40:00;45:34;0:1
2022-10-06 23:40:02;45:36;0:1
2022-10-06 23:40:04;45:38;0:1
2022-10-06 23:40:06;45:40;0:1
2022-10-06 23:40:08;45:42;0:1
2022-10-06 23:40:10;45:43;0:1
2022-10-06 23:40:12;45:45;0:1
2022-10-06 23:40:13;45:47;0:1
2022-10-06 23:40:15;45:49;0:1
2022-10-06 23:40:17;45:51;0:1
2022-10-06 23:40:19;45:53;0:1
2022-10-06 23:40:21;45:55;0:1
2022-10-06 23:40:23;45:56;0:1
2022-10-06 23:40:25;45:58;0:1
2022-10-06 23:40:26;46:0;0:1
2022-10-06 23:40:29;46:2;0:1
2022-10-06 23:40:31;46:5;0:1
2022-10-06 23:40:34;46:7;0:1
2022-10-06 23:40:36;46:10;0:1
2022-10-06 23:40:39;46:12;0:2
2022-10-06 23:40:41;46:15;0:1
2022-10-06 23:40:43;46:17;0:1
2022-10-06 23:40:45;46:19;0:1
2022-10-06 23:40:48;46:21;0:1
2022-10-06 23:40:50;46:23;0:1
2022-10-06 23:40:52;46:26;0:1
2022-10-06 23:40:54;46:28;0:1
2022-10-06 23:40:56;46:30;0:1
2022-10-06 23:40:59;46:32;0:1
2022-10-06 23:41:01;46:35;0:1
2022-10-06 23:41:03;46:37;0:1
2022-10-06 23:41:05;46:39;0:1
2022-10-06 23:41:07;46:41;0:1
2022-10-06 23:41:10;46:43;0:1
2022-10-06 23:41:12;46:46;0:1
2022-10-06 23:41:14;46:48;0:1
2022-10-06 23:41:17;46:51;0:1
2022-10-06 23:41:20;46:53;0:2
2022-10-06 23:41:22;46:56;0:1
2022-10-06 23:41:24;46:58;0:1
2022-10-06 23:41:27;47:0;0:1
2022-10-06 23:41:29;47:3;0:1
2022-10-06 23:41:31;47:5;0:1
2022-10-06 23:41:33;47:7;0:1
2022-10-06 23:41:36;47:9;0:1
2022-10-06 23:41:38;47:12;0:1
2022-10-06 23:41:40;47:14;0:1
2022-10-06 23:41:42;47:16;0:1
2022-10-06 23:41:44;47:18;0:1
2022-10-06 23:41:46;47:20;0:1
2022-10-06 23:41:48;47:22;0:1
2022-10-06 23:41:50;47:24;0:1
2022-10-06 23:41:52;47:26;0:1
2022-10-06 23:41:54;47:28;0:1
2022-10-06 23:41:56;47:30;0:1
2022-10-06 23:41:59;47:32;0:1
2022-10-06 23:42:01;47:34;0:1
2022-10-06 23:42:03;47:36;0:1
2022-10-06 23:42:05;47:38;0:1
2022-10-06 23:42:07;47:41;0:1
2022-10-06 23:42:09;47:43;0:1
2022-10-06 23:42:11;47:45;0:1
2022-10-06 23:42:13;47:47;0:1
2022-10-06 23:42:15;47:49;0:1
2022-10-06 23:42:17;47:51;0:1
2022-10-06 23:42:19;47:53;0:1
2022-10-06 23:42:21;47:55;0:1
2022-10-06 23:42:24;47:57;0:1
2022-10-06 23:42:26;47:59;0:1
2022-10-06 23:42:28;48:2;0:1
2022-10-06 23:42:30;48:4;0:1
2022-10-06 23:42:32;48:6;0:1
2022-10-06 23:42:34;48:8;0:1
2022-10-06 23:42:36;48:10;0:1
2022-10-06 23:42:38;48:12;0:1
2022-10-06 23:42:40;48:14;0:1
2022-10-06 23:42:43;48:16;0:1
2022-10-06 23:42:45;48:18;0:1
2022-10-06 23:42:47;48:20;0:1
2022-10-06 23:42:49;48:23;0:1
2022-10-06 23:42:51;48:25;0:1
2022-10-06 23:42:53;48:27;0:1
2022-10-06 23:42:55;48:29;0:1
2022-10-06 23:42:57;48:31;0:1
2022-10-06 23:42:59;48:33;0:1
2022-10-06 23:43:01;48:35;0:1
2022-10-06 23:43:03;48:37;0:1
2022-10-06 23:43:05;48:39;0:1
2022-10-06 23:43:07;48:41;0:1
2022-10-06 23:43:09;48:43;0:1
2022-10-06 23:43:11;48:45;0:1
2022-10-06 23:43:13;48:47;0:1
2022-10-06 23:43:15;48:49;0:1
2022-10-06 23:43:17;48:51;0:1
2022-10-06 23:43:20;48:53;0:1
2022-10-06 23:43:23;48:56;0:2
2022-10-06 23:43:25;48:59;0:1
2022-10-06 23:43:27;49:1;0:1
2022-10-06 23:43:29;49:3;0:1
2022-10-06 23:43:31;49:5;0:1
2022-10-06 23:43:33;49:7;0:1
2022-10-06 23:43:35;49:9;0:1
2022-10-06 23:43:37;49:11;0:1
2022-10-06 23:43:39;49:13;0:1
2022-10-06 23:43:41;49:15;0:1
2022-10-06 23:43:43;49:17;0:1
2022-10-06 23:43:45;49:19;0:1
2022-10-06 23:43:47;49:21;0:1
2022-10-06 23:43:49;49:23;0:1
2022-10-06 23:43:51;49:25;0:1
2022-10-06 23:43:53;49:27;0:1
2022-10-06 23:43:55;49:29;0:1
2022-10-06 23:43:57;49:31;0:1
2022-10-06 23:43:59;49:33;0:1
2022-10-06 23:44:01;49:35;0:1
2022-10-06 23:44:03;49:37;0:1
2022-10-06 23:44:05;49:39;0:1
2022-10-06 23:44:07;49:41;0:1
2022-10-06 23:44:10;49:43;0:1
2022-10-06 23:44:12;49:45;0:1
2022-10-06 23:44:14;49:48;0:1
2022-10-06 23:44:16;49:50;0:1
2022-10-06 23:44:18;49:52;0:1
2022-10-06 23:44:20;49:54;0:1
2022-10-06 23:44:22;49:56;0:1
2022-10-06 23:44:24;49:58;0:1
2022-10-06 23:44:26;50:0;0:1
2022-10-06 23:44:28;50:2;0:1
2022-10-06 23:44:30;50:4;0:1
2022-10-06 23:44:32;50:6;0:1
2022-10-06 23:44:34;50:8;0:1
2022-10-06 23:44:36;50:10;0:1
2022-10-06 23:44:38;50:12;0:1
2022-10-06 23:44:40;50:14;0:1
2022-10-06 23:44:42;50:16;0:1
2022-10-06 23:44:44;50:18;0:1
2022-10-06 23:44:46;50:20;0:1
2022-10-06 23:44:48;50:22;0:1
2022-10-06 23:44:50;50:24;0:1
2022-10-06 23:44:52;50:26;0:1
2022-10-06 23:44:54;50:28;0:1
2022-10-06 23:44:56;50:30;0:1
2022-10-06 23:44:58;50:32;0:1
2022-10-06 23:45:00;50:34;0:1
2022-10-06 23:45:02;50:36;0:1
2022-10-06 23:45:04;50:38;0:1
2022-10-06 23:45:06;50:40;0:1
2022-10-06 23:45:08;50:42;0:1
2022-10-06 23:45:10;50:44;0:1
2022-10-06 23:45:12;50:46;0:1
2022-10-06 23:45:15;50:49;0:1
2022-10-06 23:45:17;50:51;0:1
2022-10-06 23:45:19;50:53;0:1
2022-10-06 23:45:22;50:55;0:1
2022-10-06 23:45:24;50:57;0:1
2022-10-06 23:45:26;51:0;0:1
2022-10-06 23:45:28;51:2;0:1
2022-10-06 23:45:30;51:4;0:1
2022-10-06 23:45:32;51:6;0:1
2022-10-06 23:45:34;51:8;0:1
2022-10-06 23:45:36;51:10;0:1
2022-10-06 23:45:38;51:12;0:1
2022-10-06 23:45:40;51:14;0:1
2022-10-06 23:45:42;51:16;0:1
2022-10-06 23:45:44;51:18;0:1
2022-10-06 23:45:46;51:20;0:1
2022-10-06 23:45:48;51:22;0:1
2022-10-06 23:45:50;51:24;0:1
2022-10-06 23:45:52;51:26;0:1
2022-10-06 23:45:54;51:28;0:1
2022-10-06 23:45:56;51:30;0:1
2022-10-06 23:45:58;51:32;0:1
2022-10-06 23:46:00;51:34;0:1
2022-10-06 23:46:02;51:36;0:1
2022-10-06 23:46:04;51:38;0:1
2022-10-06 23:46:06;51:40;0:1
2022-10-06 23:46:08;51:42;0:1
2022-10-06 23:46:10;51:44;0:1
2022-10-06 23:46:12;51:46;0:1
2022-10-06 23:46:14;51:48;0:1
2022-10-06 23:46:16;51:50;0:1
2022-10-06 23:46:18;51:52;0:1
2022-10-06 23:46:20;51:54;0:1
2022-10-06 23:46:23;51:56;0:1
2022-10-06 23:46:25;51:58;0:1
2022-10-06 23:46:27;52:0;0:1
2022-10-06 23:46:29;52:2;0:1
2022-10-06 23:46:31;52:4;0:1
2022-10-06 23:46:33;52:6;0:1
2022-10-06 23:46:35;52:8;0:1
2022-10-06 23:46:37;52:11;0:1
2022-10-06 23:46:39;52:12;0:1
2022-10-06 23:46:41;52:15;0:1
2022-10-06 23:46:43;52:17;0:1
2022-10-06 23:46:45;52:19;0:1
2022-10-06 23:46:47;52:21;0:1
2022-10-06 23:46:49;52:23;0:1
2022-10-06 23:46:52;52:25;0:1
2022-10-06 23:46:54;52:27;0:1
2022-10-06 23:46:56;52:29;0:1
2022-10-06 23:46:58;52:32;0:1
2022-10-06 23:47:00;52:34;0:1
2022-10-06 23:47:02;52:36;0:1
2022-10-06 23:47:04;52:38;0:1
2022-10-06 23:47:06;52:40;0:1
2022-10-06 23:47:08;52:42;0:1
2022-10-06 23:47:10;52:44;0:1
2022-10-06 23:47:12;52:46;0:1
2022-10-06 23:47:15;52:48;0:1
2022-10-06 23:47:17;52:50;0:1
2022-10-06 23:47:19;52:52;0:1
2022-10-06 23:47:21;52:54;0:1
2022-10-06 23:47:23;52:56;0:1
2022-10-06 23:47:25;52:58;0:1
2022-10-06 23:47:27;53:0;0:1
2022-10-06 23:47:29;53:2;0:1
2022-10-06 23:47:31;53:4;0:1
2022-10-06 23:47:33;53:6;0:1
2022-10-06 23:47:35;53:8;0:1
2022-10-06 23:47:37;53:10;0:1
2022-10-06 23:47:39;53:12;0:1
2022-10-06 23:47:41;53:14;0:1
2022-10-06 23:47:43;53:16;0:1
2022-10-06 23:47:45;53:18;0:1
2022-10-06 23:47:47;53:20;0:1
2022-10-06 23:47:49;53:22;0:1
2022-10-06 23:47:51;53:24;0:1
2022-10-06 23:47:53;53:26;0:1
2022-10-06 23:47:55;53:28;0:1
2022-10-06 23:47:56;53:30;0:1
2022-10-06 23:47:58;53:32;0:1
2022-10-06 23:48:00;53:34;0:1
2022-10-06 23:48:02;53:36;0:1
2022-10-06 23:48:04;53:38;0:1
2022-10-06 23:48:06;53:40;0:1
2022-10-06 23:48:08;53:42;0:1
2022-10-06 23:48:11;53:44;0:1
2022-10-06 23:48:13;53:46;0:1
2022-10-06 23:48:15;53:48;0:1
2022-10-06 23:48:17;53:51;0:1
2022-10-06 23:48:19;53:53;0:1
2022-10-06 23:48:21;53:55;0:1
2022-10-06 23:48:23;53:57;0:1
2022-10-06 23:48:26;53:59;0:1
2022-10-06 23:48:28;54:2;0:1
2022-10-06 23:48:30;54:4;0:1
2022-10-06 23:48:32;54:6;0:1
2022-10-06 23:48:34;54:8;0:1
2022-10-06 23:48:36;54:10;0:1
2022-10-06 23:48:39;54:12;0:1
2022-10-06 23:48:41;54:14;0:1
2022-10-06 23:48:43;54:16;0:1
2022-10-06 23:48:45;54:18;0:1
2022-10-06 23:48:47;54:20;0:1
2022-10-06 23:48:49;54:23;0:1
2022-10-06 23:48:51;54:25;0:1
2022-10-06 23:48:53;54:27;0:1
2022-10-06 23:48:55;54:29;0:1
2022-10-06 23:48:57;54:31;0:1
2022-10-06 23:49:00;54:33;0:1
2022-10-06 23:49:02;54:35;0:1
2022-10-06 23:49:04;54:38;0:1
2022-10-06 23:49:06;54:40;0:1
2022-10-06 23:49:08;54:42;0:1
2022-10-06 23:49:10;54:44;0:1
2022-10-06 23:49:12;54:46;0:1
2022-10-06 23:49:14;54:48;0:1
2022-10-06 23:49:16;54:50;0:1
2022-10-06 23:49:18;54:52;0:1
2022-10-06 23:49:20;54:54;0:1
2022-10-06 23:49:22;54:56;0:1
2022-10-06 23:49:24;54:58;0:1
2022-10-06 23:49:27;55:0;0:1
2022-10-06 23:49:29;55:2;0:1
2022-10-06 23:49:31;55:4;0:1
2022-10-06 23:49:33;55:6;0:1
2022-10-06 23:49:35;55:8;0:1
2022-10-06 23:49:37;55:10;0:1
2022-10-06 23:49:39;55:13;0:1
2022-10-06 23:49:41;55:15;0:1
2022-10-06 23:49:43;55:17;0:1
2022-10-06 23:49:45;55:19;0:1
2022-10-06 23:49:47;55:21;0:1
2022-10-06 23:49:49;55:23;0:1
2022-10-06 23:49:52;55:25;0:1
2022-10-06 23:49:54;55:28;0:1
2022-10-06 23:49:56;55:30;0:1
2022-10-06 23:49:58;55:32;0:1
2022-10-06 23:50:00;55:34;0:1
2022-10-06 23:50:03;55:36;0:1
2022-10-06 23:50:05;55:39;0:1
2022-10-06 23:50:07;55:41;0:1
2022-10-06 23:50:09;55:43;0:1
2022-10-06 23:50:11;55:45;0:1
2022-10-06 23:50:14;55:47;0:1
2022-10-06 23:50:16;55:49;0:1
2022-10-06 23:50:18;55:51;0:1
2022-10-06 23:50:20;55:53;0:1
2022-10-06 23:50:22;55:55;0:1
2022-10-06 23:50:24;55:57;0:1
2022-10-06 23:50:26;56:0;0:1
2022-10-06 23:50:28;56:2;0:1
2022-10-06 23:50:30;56:4;0:1
2022-10-06 23:50:32;56:6;0:1
2022-10-06 23:50:34;56:7;0:1
2022-10-06 23:50:36;56:10;0:1
2022-10-06 23:50:38;56:12;0:1
2022-10-06 23:50:40;56:14;0:1
2022-10-06 23:50:42;56:16;0:1
2022-10-06 23:50:44;56:18;0:1
2022-10-06 23:50:46;56:20;0:1
2022-10-06 23:50:48;56:22;0:1
2022-10-06 23:50:50;56:24;0:1
2022-10-06 23:50:52;56:26;0:1
2022-10-06 23:50:54;56:28;0:1
2022-10-06 23:50:57;56:30;0:1
2022-10-06 23:50:59;56:32;0:1
2022-10-06 23:51:01;56:35;0:1
2022-10-06 23:51:03;56:37;0:1
2022-10-06 23:51:05;56:39;0:1
2022-10-06 23:51:07;56:41;0:1
2022-10-06 23:51:10;56:43;0:1
2022-10-06 23:51:12;56:45;0:1
2022-10-06 23:51:14;56:48;0:1
2022-10-06 23:51:16;56:50;0:1
2022-10-06 23:51:18;56:52;0:1
2022-10-06 23:51:20;56:54;0:1
2022-10-06 23:51:22;56:56;0:1
2022-10-06 23:51:24;56:58;0:1
2022-10-06 23:51:26;57:0;0:1
2022-10-06 23:51:28;57:2;0:1
2022-10-06 23:51:30;57:4;0:1
2022-10-06 23:51:32;57:6;0:1
2022-10-06 23:51:34;57:8;0:1
2022-10-06 23:51:36;57:10;0:1
2022-10-06 23:51:39;57:12;0:1
2022-10-06 23:51:41;57:14;0:1
2022-10-06 23:51:43;57:16;0:1
2022-10-06 23:51:45;57:18;0:1
2022-10-06 23:51:47;57:21;0:1
2022-10-06 23:51:49;57:23;0:1
2022-10-06 23:51:51;57:25;0:1
2022-10-06 23:51:53;57:27;0:1
2022-10-06 23:51:55;57:29;0:1
2022-10-06 23:51:57;57:31;0:1
2022-10-06 23:51:59;57:33;0:1
2022-10-06 23:52:01;57:35;0:1
2022-10-06 23:52:03;57:37;0:1
2022-10-06 23:52:05;57:39;0:1
2022-10-06 23:52:07;57:41;0:1
2022-10-06 23:52:09;57:43;0:1
2022-10-06 23:52:11;57:45;0:1
2022-10-06 23:52:13;57:47;0:1
2022-10-06 23:52:15;57:49;0:1
2022-10-06 23:52:17;57:51;0:1
2022-10-06 23:52:19;57:53;0:1
2022-10-06 23:52:21;57:55;0:1
2022-10-06 23:52:23;57:57;0:1
2022-10-06 23:52:25;57:59;0:1
2022-10-06 23:52:27;58:1;0:1
2022-10-06 23:52:29;58:3;0:1
2022-10-06 23:52:31;58:5;0:1
2022-10-06 23:52:33;58:7;0:1
2022-10-06 23:52:35;58:9;0:1
2022-10-06 23:52:37;58:11;0:1
2022-10-06 23:52:39;58:13;0:1
2022-10-06 23:52:41;58:15;0:1
2022-10-06 23:52:43;58:17;0:1
2022-10-06 23:52:45;58:19;0:1
2022-10-06 23:52:47;58:21;0:1
2022-10-06 23:52:49;58:23;0:1
2022-10-06 23:52:51;58:25;0:1
2022-10-06 23:52:53;58:27;0:1
2022-10-06 23:52:55;58:29;0:1
2022-10-06 23:52:57;58:31;0:1
2022-10-06 23:52:59;58:33;0:1
2022-10-06 23:53:01;58:35;0:1
2022-10-06 23:53:03;58:37;0:1
2022-10-06 23:53:05;58:39;0:1
2022-10-06 23:53:07;58:41;0:1
2022-10-06 23:53:10;58:43;0:1
2022-10-06 23:53:12;58:45;0:1
2022-10-06 23:53:14;58:48;0:1
2022-10-06 23:53:16;58:50;0:1
2022-10-06 23:53:18;58:52;0:1
2022-10-06 23:53:20;58:54;0:1
2022-10-06 23:53:22;58:56;0:1
2022-10-06 23:53:25;58:58;0:1
2022-10-06 23:53:27;59:0;0:1
2022-10-06 23:53:29;59:2;0:1
2022-10-06 23:53:31;59:4;0:1
2022-10-06 23:53:33;59:6;0:1
2022-10-06 23:53:35;59:8;0:1
2022-10-06 23:53:37;59:10;0:1
2022-10-06 23:53:39;59:12;0:1
2022-10-06 23:53:40;59:14;0:1
2022-10-06 23:53:42;59:16;0:1
2022-10-06 23:53:44;59:18;0:1
2022-10-06 23:53:46;59:20;0:1
2022-10-06 23:53:48;59:22;0:1
2022-10-06 23:53:50;59:24;0:1
2022-10-06 23:53:52;59:26;0:1
2022-10-06 23:53:54;59:28;0:1
2022-10-06 23:53:56;59:30;0:1
2022-10-06 23:53:58;59:32;0:1
2022-10-06 23:54:00;59:33;0:1
2022-10-06 23:54:02;59:35;0:1
2022-10-06 23:54:04;59:37;0:1
2022-10-06 23:54:06;59:39;0:1
2022-10-06 23:54:08;59:41;0:1
2022-10-06 23:54:10;59:43;0:1
2022-10-06 23:54:12;59:45;0:1
2022-10-06 23:54:13;59:47;0:1
2022-10-06 23:54:15;59:49;0:1
2022-10-06 23:54:17;59:51;0:1
2022-10-06 23:54:19;59:53;0:1
2022-10-06 23:54:21;59:55;0:1
2022-10-06 23:54:23;59:57;0:1
2022-10-06 23:54:25;59:59;0:1
2022-10-06 23:54:27;60:1;0:1
2022-10-06 23:54:29;60:3;0:1
2022-10-06 23:54:31;60:5;0:1
2022-10-06 23:54:33;60:6;0:1
2022-10-06 23:54:35;60:9;0:1
2022-10-06 23:54:37;60:11;0:1
2022-10-06 23:54:39;60:13;0:1
2022-10-06 23:54:41;60:15;0:1
2022-10-06 23:54:43;60:16;0:1
2022-10-06 23:54:45;60:19;0:1
2022-10-06 23:54:47;60:21;0:1
2022-10-06 23:54:49;60:23;0:1
2022-10-06 23:54:51;60:25;0:1
2022-10-06 23:54:53;60:27;0:1
2022-10-06 23:54:55;60:29;0:1
2022-10-06 23:54:57;60:31;0:1
2022-10-06 23:54:59;60:32;0:1
2022-10-06 23:55:01;60:35;0:1
2022-10-06 23:55:03;60:37;0:1
2022-10-06 23:55:05;60:39;0:1
2022-10-06 23:55:07;60:41;0:1
2022-10-06 23:55:09;60:42;0:1
2022-10-06 23:55:11;60:45;0:1
2022-10-06 23:55:13;60:46;0:1
2022-10-06 23:55:15;60:48;0:1
2022-10-06 23:55:17;60:50;0:1
2022-10-06 23:55:19;60:52;0:1
2022-10-06 23:55:20;60:54;0:1
2022-10-06 23:55:22;60:56;0:1
2022-10-06 23:55:24;60:58;0:1
2022-10-06 23:55:26;61:0;0:1
2022-10-06 23:55:28;61:2;0:1
2022-10-06 23:55:30;61:4;0:1
2022-10-06 23:55:32;61:6;0:1
2022-10-06 23:55:34;61:8;0:1
2022-10-06 23:55:36;61:10;0:1
2022-10-06 23:55:38;61:12;0:1
2022-10-06 23:55:40;61:14;0:1
2022-10-06 23:55:42;61:16;0:1
2022-10-06 23:55:44;61:18;0:1
2022-10-06 23:55:46;61:20;0:1
2022-10-06 23:55:48;61:22;0:1
2022-10-06 23:55:50;61:24;0:1
2022-10-06 23:55:52;61:25;0:1
2022-10-06 23:55:54;61:27;0:1
2022-10-06 23:55:56;61:29;0:1
2022-10-06 23:55:58;61:31;0:1
2022-10-06 23:56:00;61:33;0:1
2022-10-06 23:56:02;61:35;0:1
2022-10-06 23:56:04;61:37;0:1
2022-10-06 23:56:06;61:40;0:1
2022-10-06 23:56:08;61:42;0:1
2022-10-06 23:56:10;61:44;0:1
2022-10-06 23:56:12;61:46;0:1
2022-10-06 23:56:14;61:48;0:1
2022-10-06 23:56:16;61:50;0:1
2022-10-06 23:56:18;61:52;0:1
2022-10-06 23:56:20;61:54;0:1
2022-10-06 23:56:22;61:56;0:1
2022-10-06 23:56:24;61:58;0:1
2022-10-06 23:56:26;62:0;0:1
2022-10-06 23:56:28;62:2;0:1
2022-10-06 23:56:30;62:4;0:1
2022-10-06 23:56:32;62:6;0:1
2022-10-06 23:56:34;62:8;0:1
2022-10-06 23:56:36;62:10;0:1
2022-10-06 23:56:38;62:12;0:1
2022-10-06 23:56:40;62:14;0:1
2022-10-06 23:56:42;62:16;0:1
2022-10-06 23:56:44;62:17;0:1
2022-10-06 23:56:46;62:19;0:1
2022-10-06 23:56:48;62:21;0:1
2022-10-06 23:56:49;62:23;0:1
2022-10-06 23:56:51;62:25;0:1
2022-10-06 23:56:53;62:27;0:1
2022-10-06 23:56:55;62:29;0:1
2022-10-06 23:56:57;62:31;0:1
2022-10-06 23:56:59;62:33;0:1
2022-10-06 23:57:01;62:35;0:1
2022-10-06 23:57:03;62:37;0:1
2022-10-06 23:57:05;62:39;0:1
2022-10-06 23:57:07;62:41;0:1
2022-10-06 23:57:09;62:43;0:1
2022-10-06 23:57:11;62:45;0:1
2022-10-06 23:57:13;62:47;0:1
2022-10-06 23:57:15;62:49;0:1
2022-10-06 23:57:18;62:51;0:1
2022-10-06 23:57:20;62:53;0:1
2022-10-06 23:57:22;62:55;0:1
2022-10-06 23:57:24;62:57;0:1
2022-10-06 23:57:26;62:59;0:1
2022-10-06 23:57:27;63:1;0:1
2022-10-06 23:57:29;63:3;0:1
2022-10-06 23:57:31;63:5;0:1
2022-10-06 23:57:33;63:7;0:1
2022-10-06 23:57:35;63:9;0:1
2022-10-06 23:57:38;63:11;0:1
2022-10-06 23:57:40;63:13;0:1
2022-10-06 23:57:42;63:15;0:1
2022-10-06 23:57:44;63:17;0:1
2022-10-06 23:57:46;63:19;0:1
2022-10-06 23:57:48;63:21;0:1
2022-10-06 23:57:50;63:24;0:1
2022-10-06 23:57:52;63:26;0:1
2022-10-06 23:57:54;63:28;0:1
2022-10-06 23:57:56;63:30;0:1
2022-10-06 23:57:58;63:32;0:1
2022-10-06 23:58:00;63:34;0:1
2022-10-06 23:58:02;63:36;0:1
2022-10-06 23:58:04;63:38;0:1
2022-10-06 23:58:06;63:40;0:1
2022-10-06 23:58:08;63:42;0:1
2022-10-06 23:58:10;63:44;0:1
2022-10-06 23:58:12;63:46;0:1
2022-10-06 23:58:14;63:48;0:1
2022-10-06 23:58:16;63:50;0:1
2022-10-06 23:58:18;63:52;0:1
2022-10-06 23:58:20;63:54;0:1
2022-10-06 23:58:22;63:56;0:1
2022-10-06 23:58:24;63:58;0:1
2022-10-06 23:58:26;64:0;0:1
2022-10-06 23:58:28;64:2;0:1
2022-10-06 23:58:30;64:4;0:1
2022-10-06 23:58:32;64:6;0:1
2022-10-06 23:58:35;64:8;0:1
2022-10-06 23:58:37;64:10;0:1
2022-10-06 23:58:39;64:12;0:1
2022-10-06 23:58:41;64:14;0:1
2022-10-06 23:58:43;64:17;0:1
2022-10-06 23:58:45;64:18;0:1
2022-10-06 23:58:47;64:21;0:1
2022-10-06 23:58:49;64:23;0:1
2022-10-06 23:58:51;64:25;0:1
2022-10-06 23:58:53;64:27;0:1
2022-10-06 23:58:55;64:29;0:1
2022-10-06 23:58:57;64:30;0:1
2022-10-06 23:58:59;64:33;0:1
2022-10-06 23:59:01;64:35;0:1
2022-10-06 23:59:03;64:37;0:1
2022-10-06 23:59:05;64:39;0:1
2022-10-06 23:59:07;64:41;0:1
2022-10-06 23:59:09;64:43;0:1
2022-10-06 23:59:11;64:45;0:1
2022-10-06 23:59:13;64:47;0:1
2022-10-06 23:59:15;64:49;0:1
2022-10-06 23:59:17;64:51;0:1
2022-10-06 23:59:19;64:53;0:1
2022-10-06 23:59:22;64:55;0:1
2022-10-06 23:59:24;64:57;0:1
2022-10-06 23:59:26;65:0;0:1
2022-10-06 23:59:28;65:2;0:1
2022-10-06 23:59:30;65:4;0:1
2022-10-06 23:59:33;65:6;0:1
2022-10-06 23:59:35;65:9;0:1
2022-10-06 23:59:37;65:11;0:1
2022-10-06 23:59:39;65:13;0:1
2022-10-06 23:59:41;65:15;0:1
2022-10-06 23:59:43;65:17;0:1
2022-10-06 23:59:45;65:19;0:1
2022-10-06 23:59:47;65:21;0:1
2022-10-06 23:59:49;65:23;0:1
2022-10-06 23:59:51;65:25;0:1
2022-10-06 23:59:53;65:27;0:1
2022-10-06 23:59:55;65:29;0:1
2022-10-06 23:59:57;65:31;0:1
2022-10-06 23:59:59;65:33;0:1
2022-10-07 00:00:01;65:34;0:1
2022-10-07 00:00:03;65:36;0:1
2022-10-07 00:00:05;65:38;0:1
2022-10-07 00:00:07;65:40;0:1
2022-10-07 00:00:09;65:42;0:1
2022-10-07 00:00:10;65:44;0:1
2022-10-07 00:00:12;65:46;0:1
2022-10-07 00:00:14;65:48;0:1
2022-10-07 00:00:16;65:50;0:1
2022-10-07 00:00:18;65:52;0:1
2022-10-07 00:00:20;65:54;0:1
2022-10-07 00:00:22;65:56;0:1
2022-10-07 00:00:24;65:58;0:1
2022-10-07 00:00:26;66:0;0:1
2022-10-07 00:00:28;66:2;0:1
2022-10-07 00:00:30;66:4;0:1
2022-10-07 00:00:32;66:6;0:1
2022-10-07 00:00:34;66:8;0:1
2022-10-07 00:00:36;66:10;0:1
2022-10-07 00:00:38;66:12;0:1
2022-10-07 00:00:40;66:14;0:1
2022-10-07 00:00:42;66:16;0:1
2022-10-07 00:00:45;66:18;0:1
2022-10-07 00:00:47;66:20;0:1
2022-10-07 00:00:49;66:22;0:1
2022-10-07 00:00:51;66:24;0:1
2022-10-07 00:00:53;66:27;0:1
2022-10-07 00:00:55;66:29;0:1
2022-10-07 00:00:57;66:31;0:1
2022-10-07 00:00:59;66:33;0:1
2022-10-07 00:01:01;66:35;0:1
2022-10-07 00:01:03;66:37;0:1
2022-10-07 00:01:06;66:39;0:1
2022-10-07 00:01:08;66:41;0:1
2022-10-07 00:01:10;66:44;0:1
2022-10-07 00:01:12;66:46;0:1
2022-10-07 00:01:14;66:48;0:1
2022-10-07 00:01:16;66:50;0:1
2022-10-07 00:01:18;66:52;0:1
2022-10-07 00:01:20;66:54;0:1
2022-10-07 00:01:23;66:56;0:1
2022-10-07 00:01:25;66:58;0:1
2022-10-07 00:01:27;67:0;0:1
2022-10-07 00:01:29;67:3;0:1
2022-10-07 00:01:31;67:5;0:1
2022-10-07 00:01:33;67:7;0:1
2022-10-07 00:01:35;67:9;0:1
2022-10-07 00:01:37;67:11;0:1
2022-10-07 00:01:39;67:13;0:1
2022-10-07 00:01:41;67:15;0:1
2022-10-07 00:01:43;67:17;0:1
2022-10-07 00:01:45;67:19;0:1
2022-10-07 00:01:47;67:21;0:1
2022-10-07 00:01:49;67:23;0:1
2022-10-07 00:01:51;67:25;0:1
2022-10-07 00:01:53;67:27;0:1
2022-10-07 00:01:55;67:29;0:1
2022-10-07 00:01:57;67:31;0:1
2022-10-07 00:01:59;67:33;0:1
2022-10-07 00:02:01;67:35;0:1
2022-10-07 00:02:03;67:37;0:1
2022-10-07 00:02:05;67:39;0:1
2022-10-07 00:02:07;67:41;0:1
2022-10-07 00:02:09;67:43;0:1
2022-10-07 00:02:11;67:45;0:1
2022-10-07 00:02:14;67:47;0:1
2022-10-07 00:02:16;67:50;0:1
2022-10-07 00:02:18;67:52;0:1
2022-10-07 00:02:20;67:54;0:1
2022-10-07 00:02:22;67:56;0:1
2022-10-07 00:02:25;67:58;0:1
2022-10-07 00:02:27;68:0;0:1
2022-10-07 00:02:29;68:2;0:1
2022-10-07 00:02:31;68:4;0:1
2022-10-07 00:02:33;68:6;0:1
2022-10-07 00:02:35;68:8;0:1
2022-10-07 00:02:37;68:10;0:1
2022-10-07 00:02:38;68:12;0:1
2022-10-07 00:02:40;68:14;0:1
2022-10-07 00:02:42;68:16;0:1
2022-10-07 00:02:44;68:18;0:1
2022-10-07 00:02:46;68:20;0:1
2022-10-07 00:02:48;68:22;0:1
2022-10-07 00:02:50;68:24;0:1
2022-10-07 00:02:52;68:26;0:1
2022-10-07 00:02:54;68:28;0:1
2022-10-07 00:02:56;68:30;0:1
2022-10-07 00:02:58;68:32;0:1
2022-10-07 00:03:00;68:34;0:1
2022-10-07 00:03:02;68:36;0:1
2022-10-07 00:03:04;68:38;0:1
2022-10-07 00:03:06;68:40;0:1
2022-10-07 00:03:08;68:42;0:1
2022-10-07 00:03:10;68:44;0:1
2022-10-07 00:03:13;68:46;0:1
2022-10-07 00:03:15;68:48;0:1
2022-10-07 00:03:17;68:50;0:1
2022-10-07 00:03:19;68:53;0:1
2022-10-07 00:03:21;68:55;0:1
2022-10-07 00:03:23;68:57;0:1
2022-10-07 00:03:25;68:59;0:1
2022-10-07 00:03:27;69:1;0:1
2022-10-07 00:03:29;69:3;0:1
2022-10-07 00:03:31;69:5;0:1
2022-10-07 00:03:33;69:7;0:1
2022-10-07 00:03:35;69:9;0:1
2022-10-07 00:03:38;69:11;0:1
2022-10-07 00:03:40;69:13;0:1
2022-10-07 00:03:42;69:15;0:1
2022-10-07 00:03:44;69:17;0:1
2022-10-07 00:03:46;69:20;0:1
2022-10-07 00:03:48;69:22;0:1
2022-10-07 00:03:50;69:24;0:1
2022-10-07 00:03:52;69:26;0:1
2022-10-07 00:03:54;69:28;0:1
2022-10-07 00:03:56;69:30;0:1
2022-10-07 00:03:59;69:32;0:1
2022-10-07 00:04:01;69:34;0:1
2022-10-07 00:04:03;69:37;0:1
2022-10-07 00:04:05;69:39;0:1
2022-10-07 00:04:07;69:41;0:1
2022-10-07 00:04:09;69:43;0:1
2022-10-07 00:04:11;69:45;0:1
2022-10-07 00:04:13;69:47;0:1
2022-10-07 00:04:15;69:49;0:1
2022-10-07 00:04:18;69:51;0:1
2022-10-07 00:04:20;69:53;0:1
2022-10-07 00:04:22;69:55;0:1
2022-10-07 00:04:24;69:57;0:1
2022-10-07 00:04:26;69:59;0:1
2022-10-07 00:04:28;70:2;0:1
2022-10-07 00:04:30;70:4;0:1
2022-10-07 00:04:32;70:6;0:1
2022-10-07 00:04:34;70:8;0:1
2022-10-07 00:04:36;70:10;0:1
2022-10-07 00:04:39;70:12;0:1
2022-10-07 00:04:41;70:15;0:1
2022-10-07 00:04:43;70:17;0:1
2022-10-07 00:04:45;70:19;0:1
2022-10-07 00:04:48;70:21;0:1
2022-10-07 00:04:50;70:23;0:1
2022-10-07 00:04:52;70:25;0:1
2022-10-07 00:04:54;70:28;0:1
2022-10-07 00:04:56;70:30;0:1
2022-10-07 00:04:58;70:32;0:1
2022-10-07 00:05:00;70:34;0:1
2022-10-07 00:05:02;70:36;0:1
2022-10-07 00:05:04;70:38;0:1
2022-10-07 00:05:07;70:40;0:1
2022-10-07 00:05:09;70:42;0:1
2022-10-07 00:05:11;70:44;0:1
2022-10-07 00:05:13;70:47;0:1
2022-10-07 00:05:15;70:49;0:1
2022-10-07 00:05:17;70:51;0:1
2022-10-07 00:05:19;70:53;0:1
2022-10-07 00:05:21;70:55;0:1
2022-10-07 00:05:24;70:57;0:1
2022-10-07 00:05:26;70:59;0:1
2022-10-07 00:05:28;71:1;0:1
2022-10-07 00:05:30;71:4;0:1
2022-10-07 00:05:32;71:6;0:1
2022-10-07 00:05:34;71:8;0:1
2022-10-07 00:05:36;71:10;0:1
2022-10-07 00:05:38;71:12;0:1
2022-10-07 00:05:40;71:14;0:1
2022-10-07 00:05:42;71:16;0:1
2022-10-07 00:05:44;71:18;0:1
2022-10-07 00:05:46;71:20;0:1
2022-10-07 00:05:48;71:22;0:1
2022-10-07 00:05:50;71:24;0:1
2022-10-07 00:05:52;71:26;0:1
2022-10-07 00:05:54;71:28;0:1
2022-10-07 00:05:56;71:30;0:1
2022-10-07 00:05:58;71:32;0:1
2022-10-07 00:06:00;71:34;0:1
2022-10-07 00:06:02;71:36;0:1
2022-10-07 00:06:04;71:37;0:1
2022-10-07 00:06:06;71:40;0:1
2022-10-07 00:06:08;71:42;0:1
2022-10-07 00:06:10;71:44;0:1
2022-10-07 00:06:12;71:46;0:1
2022-10-07 00:06:14;71:48;0:1
2022-10-07 00:06:16;71:50;0:1
2022-10-07 00:06:18;71:52;0:1
2022-10-07 00:06:20;71:54;0:1
2022-10-07 00:06:22;71:56;0:1
2022-10-07 00:06:25;71:58;0:1
2022-10-07 00:06:27;72:0;0:1
2022-10-07 00:06:29;72:3;0:1
2022-10-07 00:06:31;72:5;0:1
2022-10-07 00:06:33;72:7;0:1
2022-10-07 00:06:36;72:9;0:1
2022-10-07 00:06:38;72:11;0:1
2022-10-07 00:06:40;72:14;0:1
2022-10-07 00:06:42;72:16;0:1
2022-10-07 00:06:44;72:18;0:1
2022-10-07 00:06:46;72:20;0:1
2022-10-07 00:06:48;72:22;0:1
2022-10-07 00:06:51;72:24;0:1
2022-10-07 00:06:53;72:26;0:1
2022-10-07 00:06:55;72:29;0:1
2022-10-07 00:06:57;72:31;0:1
2022-10-07 00:07:00;72:33;0:1
2022-10-07 00:07:02;72:36;0:1
2022-10-07 00:07:04;72:38;0:1
2022-10-07 00:07:06;72:40;0:1
2022-10-07 00:07:09;72:42;0:1
2022-10-07 00:07:11;72:45;0:1
2022-10-07 00:07:13;72:47;0:1
2022-10-07 00:07:15;72:49;0:1
2022-10-07 00:07:18;72:51;0:1
2022-10-07 00:07:20;72:53;0:1
2022-10-07 00:07:22;72:56;0:1
2022-10-07 00:07:24;72:58;0:1
2022-10-07 00:07:26;73:0;0:1
2022-10-07 00:07:29;73:2;0:1
2022-10-07 00:07:31;73:4;0:1
2022-10-07 00:07:33;73:7;0:1
2022-10-07 00:07:35;73:9;0:1
2022-10-07 00:07:37;73:11;0:1
2022-10-07 00:07:39;73:13;0:1
2022-10-07 00:07:41;73:15;0:1
2022-10-07 00:07:44;73:17;0:1
2022-10-07 00:07:46;73:19;0:1
2022-10-07 00:07:48;73:21;0:1
2022-10-07 00:07:50;73:24;0:1
2022-10-07 00:07:52;73:26;0:1
2022-10-07 00:07:54;73:28;0:1
2022-10-07 00:07:56;73:30;0:1
2022-10-07 00:07:58;73:32;0:1
2022-10-07 00:08:01;73:34;0:1
2022-10-07 00:08:03;73:37;0:1
2022-10-07 00:08:05;73:39;0:1
2022-10-07 00:08:07;73:41;0:1
2022-10-07 00:08:09;73:43;0:1
2022-10-07 00:08:12;73:45;0:1
2022-10-07 00:08:14;73:48;0:1
2022-10-07 00:08:16;73:50;0:1
2022-10-07 00:08:18;73:52;0:1
2022-10-07 00:08:20;73:54;0:1
2022-10-07 00:08:23;73:56;0:1
2022-10-07 00:08:25;73:59;0:1
2022-10-07 00:08:27;74:1;0:1
2022-10-07 00:08:29;74:3;0:1
2022-10-07 00:08:31;74:5;0:1
2022-10-07 00:08:33;74:7;0:1
2022-10-07 00:08:35;74:9;0:1
2022-10-07 00:08:37;74:11;0:1
2022-10-07 00:08:39;74:13;0:1
2022-10-07 00:08:41;74:15;0:1
2022-10-07 00:08:43;74:17;0:1
2022-10-07 00:08:45;74:19;0:1
2022-10-07 00:08:47;74:21;0:1
2022-10-07 00:08:49;74:23;0:1
2022-10-07 00:08:51;74:25;0:1
2022-10-07 00:08:53;74:27;0:1
2022-10-07 00:08:56;74:29;0:1
2022-10-07 00:08:58;74:31;0:1
2022-10-07 00:09:00;74:33;0:1
2022-10-07 00:09:02;74:35;0:1
2022-10-07 00:09:04;74:37;0:1
2022-10-07 00:09:06;74:39;0:1
2022-10-07 00:09:08;74:41;0:1
2022-10-07 00:09:10;74:43;0:1
2022-10-07 00:09:12;74:45;0:1
2022-10-07 00:09:14;74:47;0:1
2022-10-07 00:09:16;74:49;0:1
2022-10-07 00:09:18;74:51;0:1
2022-10-07 00:09:20;74:54;0:1
2022-10-07 00:09:22;74:56;0:1
2022-10-07 00:09:24;74:58;0:1
2022-10-07 00:09:26;75:0;0:1
2022-10-07 00:09:28;75:2;0:1
2022-10-07 00:09:30;75:4;0:1
2022-10-07 00:09:32;75:6;0:1
2022-10-07 00:09:34;75:8;0:1
2022-10-07 00:09:37;75:10;0:1
2022-10-07 00:09:39;75:12;0:1
2022-10-07 00:09:41;75:14;0:1
2022-10-07 00:09:43;75:16;0:1
2022-10-07 00:09:45;75:18;0:1
2022-10-07 00:09:46;75:20;0:1
2022-10-07 00:09:49;75:22;0:1
2022-10-07 00:09:50;75:24;0:1
2022-10-07 00:09:53;75:26;0:1
2022-10-07 00:09:54;75:28;0:1
2022-10-07 00:09:56;75:30;0:1
2022-10-07 00:09:58;75:32;0:1
2022-10-07 00:10:01;75:34;0:1
2022-10-07 00:10:03;75:36;0:1
2022-10-07 00:10:05;75:38;0:1
2022-10-07 00:10:07;75:40;0:1
2022-10-07 00:10:09;75:42;0:1
2022-10-07 00:10:11;75:44;0:1
2022-10-07 00:10:13;75:46;0:1
2022-10-07 00:10:15;75:48;0:1
2022-10-07 00:10:17;75:50;0:1
2022-10-07 00:10:19;75:53;0:1
2022-10-07 00:10:21;75:55;0:1
2022-10-07 00:10:23;75:57;0:1
2022-10-07 00:10:26;75:59;0:1
2022-10-07 00:10:28;76:1;0:1
2022-10-07 00:10:30;76:4;0:1
2022-10-07 00:10:32;76:6;0:1
2022-10-07 00:10:34;76:8;0:1
2022-10-07 00:10:36;76:10;0:1
2022-10-07 00:10:38;76:12;0:1
2022-10-07 00:10:40;76:14;0:1
2022-10-07 00:10:43;76:16;0:1
2022-10-07 00:10:45;76:18;0:1
2022-10-07 00:10:47;76:21;0:1
2022-10-07 00:10:49;76:23;0:1
2022-10-07 00:10:51;76:25;0:1
2022-10-07 00:10:54;76:27;0:1
2022-10-07 00:10:56;76:30;0:1
2022-10-07 00:10:58;76:32;0:1
2022-10-07 00:11:00;76:34;0:1
2022-10-07 00:11:02;76:36;0:1
2022-10-07 00:11:04;76:38;0:1
2022-10-07 00:11:07;76:40;0:1
2022-10-07 00:11:09;76:42;0:1
2022-10-07 00:11:11;76:45;0:1
2022-10-07 00:11:13;76:47;0:1
2022-10-07 00:11:15;76:49;0:1
2022-10-07 00:11:18;76:51;0:1
2022-10-07 00:11:20;76:53;0:1
2022-10-07 00:11:22;76:56;0:1
2022-10-07 00:11:24;76:58;0:1
2022-10-07 00:11:26;76:59;0:1
2022-10-07 00:11:28;77:2;0:1
2022-10-07 00:11:30;77:4;0:1
2022-10-07 00:11:32;77:6;0:1
2022-10-07 00:11:34;77:8;0:1
2022-10-07 00:11:36;77:10;0:1
2022-10-07 00:11:38;77:12;0:1
2022-10-07 00:11:40;77:13;0:1
2022-10-07 00:11:42;77:15;0:1
2022-10-07 00:11:44;77:17;0:1
2022-10-07 00:11:46;77:19;0:1
2022-10-07 00:11:48;77:21;0:1
2022-10-07 00:11:49;77:23;0:1
2022-10-07 00:11:51;77:25;0:1
2022-10-07 00:11:53;77:27;0:1
2022-10-07 00:11:55;77:29;0:1
2022-10-07 00:11:57;77:31;0:1
2022-10-07 00:11:59;77:33;0:1
2022-10-07 00:12:01;77:35;0:1
2022-10-07 00:12:03;77:37;0:1
2022-10-07 00:12:05;77:39;0:1
2022-10-07 00:12:07;77:41;0:1
2022-10-07 00:12:09;77:43;0:1
2022-10-07 00:12:12;77:45;0:1
2022-10-07 00:12:14;77:47;0:1
2022-10-07 00:12:16;77:50;0:1
2022-10-07 00:12:18;77:52;0:1
2022-10-07 00:12:20;77:54;0:1
2022-10-07 00:12:22;77:56;0:1
2022-10-07 00:12:24;77:58;0:1
2022-10-07 00:12:27;78:0;0:1
2022-10-07 00:12:29;78:2;0:1
2022-10-07 00:12:31;78:5;0:1
2022-10-07 00:12:33;78:7;0:1
2022-10-07 00:12:35;78:9;0:1
2022-10-07 00:12:37;78:11;0:1
2022-10-07 00:12:39;78:13;0:1
2022-10-07 00:12:41;78:15;0:1
2022-10-07 00:12:44;78:17;0:1
2022-10-07 00:12:46;78:19;0:1
2022-10-07 00:12:48;78:22;0:1
2022-10-07 00:12:50;78:24;0:1
2022-10-07 00:12:52;78:26;0:1
2022-10-07 00:12:54;78:28;0:1
2022-10-07 00:12:56;78:30;0:1
2022-10-07 00:12:58;78:32;0:1
2022-10-07 00:13:00;78:34;0:1
2022-10-07 00:13:02;78:36;0:1
2022-10-07 00:13:05;78:38;0:1
2022-10-07 00:13:07;78:40;0:1
2022-10-07 00:13:09;78:42;0:1
2022-10-07 00:13:11;78:44;0:1
2022-10-07 00:13:13;78:46;0:1
2022-10-07 00:13:15;78:48;0:1
2022-10-07 00:13:17;78:50;0:1
2022-10-07 00:13:19;78:52;0:1
2022-10-07 00:13:21;78:54;0:1
2022-10-07 00:13:23;78:56;0:1
2022-10-07 00:13:25;78:58;0:1
2022-10-07 00:13:27;79:1;0:1
2022-10-07 00:13:29;79:3;0:1
2022-10-07 00:13:31;79:5;0:1
2022-10-07 00:13:33;79:7;0:1
2022-10-07 00:13:35;79:9;0:1
2022-10-07 00:13:37;79:11;0:1
2022-10-07 00:13:39;79:13;0:1
2022-10-07 00:13:41;79:15;0:1
2022-10-07 00:13:43;79:17;0:1
2022-10-07 00:13:46;79:19;0:1
2022-10-07 00:13:48;79:21;0:1
2022-10-07 00:13:50;79:23;0:1
2022-10-07 00:13:52;79:26;0:1
2022-10-07 00:13:54;79:28;0:1
2022-10-07 00:13:56;79:30;0:1
2022-10-07 00:13:58;79:32;0:1
2022-10-07 00:14:01;79:34;0:1
2022-10-07 00:14:03;79:36;0:1
2022-10-07 00:14:05;79:39;0:1
2022-10-07 00:14:07;79:41;0:1
2022-10-07 00:14:09;79:43;0:1
2022-10-07 00:14:11;79:45;0:1
2022-10-07 00:14:13;79:47;0:1
2022-10-07 00:14:15;79:49;0:1
2022-10-07 00:14:17;79:51;0:1
2022-10-07 00:14:19;79:53;0:1
2022-10-07 00:14:21;79:55;0:1
2022-10-07 00:14:23;79:57;0:1
2022-10-07 00:14:25;79:58;0:1
2022-10-07 00:14:27;80:0;0:1
2022-10-07 00:14:29;80:2;0:1
2022-10-07 00:14:31;80:4;0:1
2022-10-07 00:14:33;80:6;0:1
2022-10-07 00:14:35;80:8;0:1
2022-10-07 00:14:36;80:10;0:1
2022-10-07 00:14:38;80:12;0:1
2022-10-07 00:14:40;80:14;0:1
2022-10-07 00:14:42;80:16;0:1
2022-10-07 00:14:44;80:18;0:1
2022-10-07 00:14:46;80:20;0:1
2022-10-07 00:14:48;80:22;0:1
2022-10-07 00:14:51;80:24;0:1
2022-10-07 00:14:53;80:26;0:1
2022-10-07 00:14:55;80:28;0:1
2022-10-07 00:14:57;80:30;0:1
2022-10-07 00:14:59;80:32;0:1
2022-10-07 00:15:01;80:34;0:1
2022-10-07 00:15:03;80:36;0:1
2022-10-07 00:15:05;80:38;0:1
2022-10-07 00:15:07;80:40;0:1
2022-10-07 00:15:09;80:42;0:1
2022-10-07 00:15:11;80:45;0:1
2022-10-07 00:15:13;80:47;0:1
2022-10-07 00:15:15;80:49;0:1
2022-10-07 00:15:17;80:51;0:1
2022-10-07 00:15:19;80:53;0:1
2022-10-07 00:15:21;80:55;0:1
2022-10-07 00:15:23;80:57;0:1
2022-10-07 00:15:25;80:59;0:1
2022-10-07 00:15:27;81:1;0:1
2022-10-07 00:15:29;81:3;0:1
2022-10-07 00:15:31;81:5;0:1
2022-10-07 00:15:33;81:7;0:1
2022-10-07 00:15:35;81:9;0:1
2022-10-07 00:15:37;81:11;0:1
2022-10-07 00:15:39;81:13;0:1
2022-10-07 00:15:41;81:15;0:1
2022-10-07 00:15:43;81:17;0:1
2022-10-07 00:15:45;81:19;0:1
2022-10-07 00:15:47;81:21;0:1
2022-10-07 00:15:49;81:23;0:1
2022-10-07 00:15:51;81:25;0:1
2022-10-07 00:15:53;81:27;0:1
2022-10-07 00:15:55;81:29;0:1
2022-10-07 00:15:57;81:31;0:1
2022-10-07 00:15:59;81:33;0:1
2022-10-07 00:16:01;81:35;0:1
2022-10-07 00:16:03;81:36;0:1
2022-10-07 00:16:05;81:38;0:1
2022-10-07 00:16:07;81:40;0:1
2022-10-07 00:16:09;81:42;0:1
2022-10-07 00:16:11;81:44;0:1
2022-10-07 00:16:13;81:46;0:1
2022-10-07 00:16:15;81:48;0:1
2022-10-07 00:16:17;81:50;0:1
2022-10-07 00:16:19;81:52;0:1
2022-10-07 00:16:21;81:55;0:1
2022-10-07 00:16:23;81:57;0:1
2022-10-07 00:16:25;81:59;0:1
2022-10-07 00:16:27;82:1;0:1
2022-10-07 00:16:29;82:3;0:1
2022-10-07 00:16:31;82:5;0:1
2022-10-07 00:16:33;82:7;0:1
2022-10-07 00:16:35;82:9;0:1
2022-10-07 00:16:37;82:11;0:1
2022-10-07 00:16:40;82:13;0:1
2022-10-07 00:16:42;82:16;0:1
2022-10-07 00:16:44;82:18;0:1
2022-10-07 00:16:46;82:20;0:1
2022-10-07 00:16:48;82:22;0:1
2022-10-07 00:16:50;82:24;0:1
2022-10-07 00:16:52;82:26;0:1
2022-10-07 00:16:54;82:28;0:1
2022-10-07 00:16:56;82:30;0:1
2022-10-07 00:16:58;82:32;0:1
2022-10-07 00:17:00;82:34;0:1
2022-10-07 00:17:02;82:36;0:1
2022-10-07 00:17:04;82:38;0:1
2022-10-07 00:17:06;82:40;0:1
2022-10-07 00:17:08;82:42;0:1
2022-10-07 00:17:10;82:44;0:1
2022-10-07 00:17:12;82:46;0:1
2022-10-07 00:17:14;82:48;0:1
2022-10-07 00:17:16;82:50;0:1
2022-10-07 00:17:18;82:52;0:1
2022-10-07 00:17:20;82:54;0:1
2022-10-07 00:17:22;82:56;0:1
2022-10-07 00:17:24;82:58;0:1
2022-10-07 00:17:26;83:0;0:1
2022-10-07 00:17:28;83:2;0:1
2022-10-07 00:17:30;83:4;0:1
2022-10-07 00:17:32;83:6;0:1
2022-10-07 00:17:34;83:8;0:1
2022-10-07 00:17:36;83:10;0:1
2022-10-07 00:17:38;83:12;0:1
2022-10-07 00:17:40;83:14;0:1
2022-10-07 00:17:42;83:16;0:1
2022-10-07 00:17:44;83:18;0:1
2022-10-07 00:17:46;83:20;0:1
2022-10-07 00:17:48;83:22;0:1
2022-10-07 00:17:51;83:24;0:1
2022-10-07 00:17:53;83:27;0:1
2022-10-07 00:17:55;83:29;0:1
2022-10-07 00:17:57;83:31;0:1
2022-10-07 00:18:00;83:33;0:1
2022-10-07 00:18:02;83:35;0:1
2022-10-07 00:18:04;83:38;0:1
2022-10-07 00:18:06;83:40;0:1
2022-10-07 00:18:08;83:42;0:1
2022-10-07 00:18:10;83:44;0:1
2022-10-07 00:18:12;83:46;0:1
2022-10-07 00:18:14;83:48;0:1
2022-10-07 00:18:16;83:50;0:1
2022-10-07 00:18:18;83:52;0:1
2022-10-07 00:18:20;83:54;0:1
2022-10-07 00:18:22;83:56;0:1
2022-10-07 00:18:24;83:58;0:1
2022-10-07 00:18:26;84:0;0:1
2022-10-07 00:18:28;84:2;0:1
2022-10-07 00:18:30;84:4;0:1
2022-10-07 00:18:32;84:6;0:1
2022-10-07 00:18:34;84:8;0:1
2022-10-07 00:18:36;84:10;0:1
2022-10-07 00:18:38;84:12;0:1
2022-10-07 00:18:40;84:14;0:1
2022-10-07 00:18:42;84:16;0:1
2022-10-07 00:18:44;84:18;0:1
2022-10-07 00:18:46;84:20;0:1
2022-10-07 00:18:48;84:22;0:1
2022-10-07 00:18:50;84:24;0:1
2022-10-07 00:18:52;84:26;0:1
2022-10-07 00:18:54;84:28;0:1
2022-10-07 00:18:56;84:30;0:1
2022-10-07 00:18:58;84:32;0:1
2022-10-07 00:19:00;84:34;0:1
2022-10-07 00:19:02;84:36;0:1
2022-10-07 00:19:04;84:37;0:1
2022-10-07 00:19:06;84:39;0:1
2022-10-07 00:19:08;84:41;0:1
2022-10-07 00:19:10;84:43;0:1
2022-10-07 00:19:11;84:45;0:1
2022-10-07 00:19:13;84:47;0:1
2022-10-07 00:19:15;84:49;0:1
2022-10-07 00:19:17;84:51;0:1
2022-10-07 00:19:19;84:53;0:1
2022-10-07 00:19:21;84:55;0:1
2022-10-07 00:19:23;84:57;0:1
2022-10-07 00:19:25;84:59;0:1
2022-10-07 00:19:27;85:1;0:1
2022-10-07 00:19:29;85:3;0:1
2022-10-07 00:19:31;85:4;0:1
2022-10-07 00:19:33;85:7;0:1
2022-10-07 00:19:35;85:8;0:1
2022-10-07 00:19:37;85:10;0:1
2022-10-07 00:19:39;85:12;0:1
2022-10-07 00:19:40;85:14;0:1
2022-10-07 00:19:42;85:16;0:1
2022-10-07 00:19:44;85:18;0:1
2022-10-07 00:19:46;85:20;0:1
2022-10-07 00:19:48;85:22;0:1
2022-10-07 00:19:50;85:24;0:1
2022-10-07 00:19:52;85:26;0:1
2022-10-07 00:19:54;85:28;0:1
2022-10-07 00:19:56;85:29;0:1
2022-10-07 00:19:58;85:31;0:1
2022-10-07 00:20:00;85:33;0:1
2022-10-07 00:20:02;85:35;0:1
2022-10-07 00:20:03;85:37;0:1
2022-10-07 00:20:05;85:39;0:1
2022-10-07 00:20:07;85:41;0:1
2022-10-07 00:20:09;85:43;0:1
2022-10-07 00:20:11;85:45;0:1
2022-10-07 00:20:13;85:47;0:1
2022-10-07 00:20:15;85:49;0:1
2022-10-07 00:20:17;85:51;0:1
2022-10-07 00:20:19;85:53;0:1
2022-10-07 00:20:21;85:54;0:1
2022-10-07 00:20:23;85:56;0:1
2022-10-07 00:20:25;85:58;0:1
2022-10-07 00:20:27;86:0;0:1
2022-10-07 00:20:28;86:2;0:1
2022-10-07 00:20:30;86:4;0:1
2022-10-07 00:20:32;86:6;0:1
2022-10-07 00:20:34;86:8;0:1
2022-10-07 00:20:36;86:10;0:1
2022-10-07 00:20:38;86:12;0:1
2022-10-07 00:20:40;86:14;0:1
2022-10-07 00:20:42;86:16;0:1
2022-10-07 00:20:44;86:18;0:1
2022-10-07 00:20:46;86:20;0:1
2022-10-07 00:20:48;86:22;0:1
2022-10-07 00:20:50;86:24;0:1
2022-10-07 00:20:52;86:26;0:1
2022-10-07 00:20:54;86:27;0:1
2022-10-07 00:20:56;86:29;0:1
2022-10-07 00:20:58;86:31;0:1
2022-10-07 00:21:00;86:33;0:1
2022-10-07 00:21:02;86:35;0:1
2022-10-07 00:21:04;86:37;0:1
2022-10-07 00:21:06;86:39;0:1
2022-10-07 00:21:08;86:42;0:1
2022-10-07 00:21:10;86:44;0:1
2022-10-07 00:21:12;86:46;0:1
2022-10-07 00:21:14;86:48;0:1
2022-10-07 00:21:16;86:50;0:1
2022-10-07 00:21:18;86:52;0:1
2022-10-07 00:21:20;86:54;0:1
2022-10-07 00:21:22;86:56;0:1
2022-10-07 00:21:24;86:58;0:1
2022-10-07 00:21:27;87:0;0:1
2022-10-07 00:21:29;87:2;0:1
2022-10-07 00:21:31;87:4;0:1
2022-10-07 00:21:33;87:6;0:1
2022-10-07 00:21:35;87:8;0:1
2022-10-07 00:21:37;87:11;0:1
2022-10-07 00:21:39;87:13;0:1
2022-10-07 00:21:41;87:15;0:1
2022-10-07 00:21:43;87:17;0:1
2022-10-07 00:21:45;87:19;0:1
2022-10-07 00:21:47;87:21;0:1
2022-10-07 00:21:49;87:23;0:1
2022-10-07 00:21:51;87:25;0:1
2022-10-07 00:21:53;87:27;0:1
2022-10-07 00:21:55;87:29;0:1
2022-10-07 00:21:57;87:31;0:1
2022-10-07 00:21:59;87:33;0:1
2022-10-07 00:22:01;87:35;0:1
2022-10-07 00:22:03;87:37;0:1
2022-10-07 00:22:05;87:38;0:1
2022-10-07 00:22:07;87:40;0:1
2022-10-07 00:22:09;87:42;0:1
2022-10-07 00:22:11;87:44;0:1
2022-10-07 00:22:12;87:46;0:1
2022-10-07 00:22:14;87:48;0:1
2022-10-07 00:22:16;87:50;0:1
2022-10-07 00:22:18;87:52;0:1
2022-10-07 00:22:20;87:54;0:1
2022-10-07 00:22:22;87:56;0:1
2022-10-07 00:22:24;87:58;0:1
2022-10-07 00:22:26;88:0;0:1
2022-10-07 00:22:28;88:2;0:1
2022-10-07 00:22:30;88:4;0:1
2022-10-07 00:22:32;88:6;0:1
2022-10-07 00:22:34;88:8;0:1
2022-10-07 00:22:36;88:10;0:1
2022-10-07 00:22:38;88:12;0:1
2022-10-07 00:22:40;88:14;0:1
2022-10-07 00:22:42;88:16;0:1
2022-10-07 00:22:44;88:18;0:1
2022-10-07 00:22:46;88:20;0:1
2022-10-07 00:22:48;88:22;0:1
2022-10-07 00:22:50;88:24;0:1
2022-10-07 00:22:52;88:26;0:1
2022-10-07 00:22:54;88:28;0:1
2022-10-07 00:22:56;88:30;0:1
2022-10-07 00:22:58;88:32;0:1
2022-10-07 00:23:00;88:34;0:1
2022-10-07 00:23:02;88:36;0:1
2022-10-07 00:23:05;88:38;0:1
2022-10-07 00:23:07;88:41;0:1
2022-10-07 00:23:09;88:42;0:1
2022-10-07 00:23:11;88:45;0:1
2022-10-07 00:23:13;88:47;0:1
2022-10-07 00:23:15;88:49;0:1
2022-10-07 00:23:17;88:51;0:1
2022-10-07 00:23:19;88:53;0:1
2022-10-07 00:23:21;88:55;0:1
2022-10-07 00:23:23;88:57;0:1
2022-10-07 00:23:25;88:59;0:1
2022-10-07 00:23:27;89:1;0:1
2022-10-07 00:23:29;89:3;0:1
2022-10-07 00:23:31;89:5;0:1
2022-10-07 00:23:33;89:7;0:1
2022-10-07 00:23:35;89:9;0:1
2022-10-07 00:23:38;89:11;0:1
2022-10-07 00:23:40;89:13;0:1
2022-10-07 00:23:42;89:15;0:1
2022-10-07 00:23:44;89:17;0:1
2022-10-07 00:23:46;89:19;0:1
2022-10-07 00:23:48;89:21;0:1
2022-10-07 00:23:50;89:23;0:1
2022-10-07 00:23:52;89:25;0:1
2022-10-07 00:23:54;89:27;0:1
2022-10-07 00:23:56;89:29;0:1
2022-10-07 00:23:58;89:31;0:1
2022-10-07 00:23:59;89:33;0:1
2022-10-07 00:24:01;89:35;0:1
2022-10-07 00:24:03;89:37;0:1
2022-10-07 00:24:05;89:39;0:1
2022-10-07 00:24:07;89:41;0:1
2022-10-07 00:24:09;89:43;0:1
2022-10-07 00:24:11;89:45;0:1
2022-10-07 00:24:13;89:47;0:1
2022-10-07 00:24:15;89:49;0:1
2022-10-07 00:24:17;89:51;0:1
2022-10-07 00:24:19;89:52;0:1
2022-10-07 00:24:21;89:54;0:1
2022-10-07 00:24:23;89:56;0:1
2022-10-07 00:24:25;89:58;0:1
2022-10-07 00:24:27;90:0;0:1
2022-10-07 00:24:29;90:2;0:1
2022-10-07 00:24:31;90:4;0:1
2022-10-07 00:24:33;90:6;0:1
2022-10-07 00:24:35;90:8;0:1
2022-10-07 00:24:37;90:10;0:1
2022-10-07 00:24:39;90:12;0:1
2022-10-07 00:24:41;90:14;0:1
2022-10-07 00:24:42;90:16;0:1
2022-10-07 00:24:44;90:18;0:1
2022-10-07 00:24:46;90:20;0:1
2022-10-07 00:24:49;90:22;0:1
2022-10-07 00:24:51;90:24;0:1
2022-10-07 00:24:53;90:26;0:1
2022-10-07 00:24:55;90:28;0:1
2022-10-07 00:24:57;90:30;0:1
2022-10-07 00:24:59;90:32;0:1
2022-10-07 00:25:01;90:34;0:1
2022-10-07 00:25:03;90:36;0:1
2022-10-07 00:25:05;90:38;0:1
2022-10-07 00:25:07;90:40;0:1
2022-10-07 00:25:09;90:42;0:1
2022-10-07 00:25:11;90:44;0:1
2022-10-07 00:25:13;90:47;0:1
2022-10-07 00:25:15;90:49;0:1
2022-10-07 00:25:17;90:50;0:1
2022-10-07 00:25:19;90:52;0:1
2022-10-07 00:25:21;90:54;0:1
2022-10-07 00:25:23;90:57;0:1
2022-10-07 00:25:25;90:59;0:1
2022-10-07 00:25:27;91:1;0:1
2022-10-07 00:25:29;91:3;0:1
2022-10-07 00:25:31;91:5;0:1
2022-10-07 00:25:34;91:7;0:1
2022-10-07 00:25:36;91:9;0:1
2022-10-07 00:25:38;91:11;0:1
2022-10-07 00:25:40;91:14;0:1
2022-10-07 00:25:42;91:16;0:1
2022-10-07 00:25:44;91:18;0:1
2022-10-07 00:25:46;91:20;0:1
2022-10-07 00:25:48;91:22;0:1
2022-10-07 00:25:51;91:24;0:1
2022-10-07 00:25:53;91:26;0:1
2022-10-07 00:25:55;91:29;0:1
2022-10-07 00:25:57;91:31;0:1
2022-10-07 00:25:59;91:33;0:1
2022-10-07 00:26:01;91:35;0:1
2022-10-07 00:26:03;91:37;0:1
2022-10-07 00:26:05;91:39;0:1
2022-10-07 00:26:07;91:41;0:1
2022-10-07 00:26:10;91:43;0:1
2022-10-07 00:26:12;91:45;0:1
2022-10-07 00:26:14;91:47;0:1
2022-10-07 00:26:16;91:49;0:1
2022-10-07 00:26:18;91:52;0:1
2022-10-07 00:26:20;91:54;0:1
2022-10-07 00:26:22;91:56;0:1
2022-10-07 00:26:24;91:58;0:1
2022-10-07 00:26:26;92:0;0:1
2022-10-07 00:26:28;92:2;0:1
2022-10-07 00:26:30;92:4;0:1
2022-10-07 00:26:32;92:6;0:1
2022-10-07 00:26:34;92:7;0:1
2022-10-07 00:26:36;92:10;0:1
2022-10-07 00:26:38;92:11;0:1
2022-10-07 00:26:40;92:13;0:1
2022-10-07 00:26:42;92:15;0:1
2022-10-07 00:26:44;92:17;0:1
2022-10-07 00:26:46;92:19;0:1
2022-10-07 00:26:48;92:21;0:1
2022-10-07 00:26:50;92:23;0:1
2022-10-07 00:26:52;92:25;0:1
2022-10-07 00:26:53;92:27;0:1
2022-10-07 00:26:55;92:29;0:1
2022-10-07 00:26:57;92:31;0:1
2022-10-07 00:26:59;92:33;0:1
2022-10-07 00:27:01;92:35;0:1
2022-10-07 00:27:03;92:37;0:1
2022-10-07 00:27:05;92:39;0:1
2022-10-07 00:27:07;92:41;0:1
2022-10-07 00:27:09;92:43;0:1
2022-10-07 00:27:11;92:44;0:1
2022-10-07 00:27:13;92:47;0:1
2022-10-07 00:27:15;92:48;0:1
2022-10-07 00:27:17;92:50;0:1
2022-10-07 00:27:19;92:52;0:1
2022-10-07 00:27:21;92:54;0:1
2022-10-07 00:27:22;92:56;0:1
2022-10-07 00:27:24;92:58;0:1
2022-10-07 00:27:26;93:0;0:1
2022-10-07 00:27:28;93:2;0:1
2022-10-07 00:27:30;93:4;0:1
2022-10-07 00:27:32;93:6;0:1
2022-10-07 00:27:34;93:8;0:1
2022-10-07 00:27:36;93:10;0:1
2022-10-07 00:27:38;93:11;0:1
2022-10-07 00:27:40;93:13;0:1
2022-10-07 00:27:42;93:15;0:1
2022-10-07 00:27:44;93:17;0:1
2022-10-07 00:27:46;93:19;0:1
2022-10-07 00:27:48;93:21;0:1
2022-10-07 00:27:50;93:23;0:1
2022-10-07 00:27:52;93:25;0:1
2022-10-07 00:27:54;93:27;0:1
2022-10-07 00:27:55;93:29;0:1
2022-10-07 00:27:57;93:31;0:1
2022-10-07 00:27:59;93:33;0:1
2022-10-07 00:28:01;93:35;0:1
2022-10-07 00:28:03;93:37;0:1
2022-10-07 00:28:05;93:39;0:1
2022-10-07 00:28:07;93:41;0:1
2022-10-07 00:28:09;93:43;0:1
2022-10-07 00:28:11;93:45;0:1
2022-10-07 00:28:13;93:47;0:1
2022-10-07 00:28:15;93:49;0:1
2022-10-07 00:28:17;93:51;0:1
2022-10-07 00:28:19;93:53;0:1
2022-10-07 00:28:21;93:55;0:1
2022-10-07 00:28:23;93:57;0:1
2022-10-07 00:28:25;93:59;0:1
2022-10-07 00:28:27;94:1;0:1
2022-10-07 00:28:30;94:3;0:1
2022-10-07 00:28:32;94:5;0:1
2022-10-07 00:28:34;94:7;0:1
2022-10-07 00:28:36;94:9;0:1
2022-10-07 00:28:38;94:11;0:1
2022-10-07 00:28:39;94:13;0:1
2022-10-07 00:28:41;94:15;0:1
2022-10-07 00:28:43;94:17;0:1
2022-10-07 00:28:45;94:19;0:1
2022-10-07 00:28:47;94:21;0:1
2022-10-07 00:28:49;94:23;0:1
2022-10-07 00:28:51;94:25;0:1
2022-10-07 00:28:53;94:26;0:1
2022-10-07 00:28:55;94:28;0:1
2022-10-07 00:28:57;94:30;0:1
2022-10-07 00:28:58;94:32;0:1
2022-10-07 00:29:00;94:34;0:1
2022-10-07 00:29:02;94:36;0:1
2022-10-07 00:29:04;94:38;0:1
2022-10-07 00:29:06;94:40;0:1
2022-10-07 00:29:08;94:42;0:1
2022-10-07 00:29:10;94:44;0:1
2022-10-07 00:29:12;94:46;0:1
2022-10-07 00:29:14;94:48;0:1
2022-10-07 00:29:16;94:50;0:1
2022-10-07 00:29:18;94:52;0:1
2022-10-07 00:29:20;94:54;0:1
2022-10-07 00:29:22;94:56;0:1
2022-10-07 00:29:24;94:58;0:1
2022-10-07 00:29:26;95:0;0:1
2022-10-07 00:29:28;95:2;0:1
2022-10-07 00:29:30;95:4;0:1
2022-10-07 00:29:32;95:6;0:1
2022-10-07 00:29:34;95:8;0:1
2022-10-07 00:29:36;95:10;0:1
2022-10-07 00:29:38;95:12;0:1
2022-10-07 00:29:40;95:14;0:1
2022-10-07 00:29:42;95:16;0:1
2022-10-07 00:29:44;95:18;0:1
2022-10-07 00:29:46;95:19;0:1
2022-10-07 00:29:48;95:21;0:1
2022-10-07 00:29:50;95:23;0:1
2022-10-07 00:29:52;95:25;0:1
2022-10-07 00:29:54;95:27;0:1
2022-10-07 00:29:55;95:29;0:1
2022-10-07 00:29:58;95:31;0:1
2022-10-07 00:30:00;95:33;0:1
2022-10-07 00:30:01;95:35;0:1
2022-10-07 00:30:04;95:37;0:1
2022-10-07 00:30:05;95:39;0:1
2022-10-07 00:30:07;95:41;0:1
2022-10-07 00:30:09;95:43;0:1
2022-10-07 00:30:11;95:45;0:1
2022-10-07 00:30:13;95:47;0:1
2022-10-07 00:30:15;95:49;0:1
2022-10-07 00:30:17;95:51;0:1
2022-10-07 00:30:19;95:53;0:1
2022-10-07 00:30:21;95:55;0:1
2022-10-07 00:30:24;95:57;0:1
2022-10-07 00:30:26;95:59;0:1
2022-10-07 00:30:28;96:2;0:1
2022-10-07 00:30:30;96:4;0:1
2022-10-07 00:30:32;96:6;0:1
2022-10-07 00:30:34;96:8;0:1
2022-10-07 00:30:37;96:10;0:1
2022-10-07 00:30:39;96:12;0:1
2022-10-07 00:30:40;96:14;0:1
2022-10-07 00:30:43;96:16;0:1
2022-10-07 00:30:44;96:18;0:1
2022-10-07 00:30:46;96:20;0:1
2022-10-07 00:30:48;96:22;0:1
2022-10-07 00:30:50;96:24;0:1
2022-10-07 00:30:52;96:26;0:1
2022-10-07 00:30:54;96:28;0:1
2022-10-07 00:30:56;96:30;0:1
2022-10-07 00:30:58;96:32;0:1
2022-10-07 00:31:00;96:34;0:1
2022-10-07 00:31:02;96:36;0:1
2022-10-07 00:31:04;96:38;0:1
2022-10-07 00:31:06;96:40;0:1
2022-10-07 00:31:08;96:42;0:1
2022-10-07 00:31:10;96:44;0:1
2022-10-07 00:31:12;96:45;0:1
2022-10-07 00:31:14;96:48;0:1
2022-10-07 00:31:16;96:50;0:1
2022-10-07 00:31:18;96:52;0:1
2022-10-07 00:31:20;96:54;0:1
2022-10-07 00:31:22;96:56;0:1
2022-10-07 00:31:24;96:58;0:1
2022-10-07 00:31:26;97:0;0:1
2022-10-07 00:31:28;97:2;0:1
2022-10-07 00:31:30;97:4;0:1
2022-10-07 00:31:32;97:6;0:1
2022-10-07 00:31:34;97:8;0:1
2022-10-07 00:31:36;97:10;0:1
2022-10-07 00:31:39;97:12;0:1
2022-10-07 00:31:40;97:14;0:1
2022-10-07 00:31:43;97:16;0:1
2022-10-07 00:31:45;97:18;0:1
2022-10-07 00:31:47;97:20;0:1
2022-10-07 00:31:49;97:22;0:1
2022-10-07 00:31:51;97:24;0:1
2022-10-07 00:31:53;97:26;0:1
2022-10-07 00:31:55;97:28;0:1
2022-10-07 00:31:57;97:30;0:1
2022-10-07 00:31:59;97:32;0:1
2022-10-07 00:32:01;97:35;0:1
2022-10-07 00:32:03;97:37;0:1
2022-10-07 00:32:05;97:39;0:1
2022-10-07 00:32:07;97:41;0:1
2022-10-07 00:32:09;97:43;0:1
2022-10-07 00:32:11;97:45;0:1
2022-10-07 00:32:13;97:47;0:1
2022-10-07 00:32:15;97:49;0:1
2022-10-07 00:32:17;97:51;0:1
2022-10-07 00:32:19;97:53;0:1
2022-10-07 00:32:21;97:55;0:1
2022-10-07 00:32:24;97:57;0:1
2022-10-07 00:32:26;97:59;0:1
2022-10-07 00:32:28;98:2;0:1
2022-10-07 00:32:30;98:4;0:1
2022-10-07 00:32:32;98:6;0:1
2022-10-07 00:32:35;98:8;0:1
2022-10-07 00:32:37;98:10;0:1
2022-10-07 00:32:39;98:13;0:1
2022-10-07 00:32:41;98:15;0:1
2022-10-07 00:32:43;98:17;0:1
2022-10-07 00:32:45;98:19;0:1
2022-10-07 00:32:47;98:21;0:1
2022-10-07 00:32:49;98:23;0:1
2022-10-07 00:32:51;98:25;0:1
2022-10-07 00:32:53;98:27;0:1
2022-10-07 00:32:55;98:29;0:1
2022-10-07 00:32:57;98:31;0:1
2022-10-07 00:32:59;98:33;0:1
2022-10-07 00:33:01;98:35;0:1
2022-10-07 00:33:03;98:37;0:1
2022-10-07 00:33:05;98:39;0:1
2022-10-07 00:33:07;98:41;0:1
2022-10-07 00:33:09;98:43;0:1
2022-10-07 00:33:11;98:45;0:1
2022-10-07 00:33:13;98:47;0:1
2022-10-07 00:33:15;98:49;0:1
2022-10-07 00:33:17;98:51;0:1
2022-10-07 00:33:19;98:53;0:1
2022-10-07 00:33:21;98:55;0:1
2022-10-07 00:33:23;98:57;0:1
2022-10-07 00:33:26;98:59;0:1
2022-10-07 00:33:28;99:1;0:1
2022-10-07 00:33:30;99:3;0:1
2022-10-07 00:33:32;99:5;0:1
2022-10-07 00:33:34;99:7;0:1
2022-10-07 00:33:36;99:9;0:1
2022-10-07 00:33:38;99:12;0:1
2022-10-07 00:33:40;99:14;0:1
2022-10-07 00:33:42;99:16;0:1
2022-10-07 00:33:44;99:18;0:1
2022-10-07 00:33:46;99:20;0:1
2022-10-07 00:33:48;99:22;0:1
2022-10-07 00:33:50;99:24;0:1
2022-10-07 00:33:52;99:26;0:1
2022-10-07 00:33:54;99:28;0:1
2022-10-07 00:33:56;99:30;0:1
2022-10-07 00:33:58;99:32;0:1
2022-10-07 00:34:01;99:34;0:1
2022-10-07 00:34:03;99:36;0:1
2022-10-07 00:34:05;99:38;0:1
2022-10-07 00:34:07;99:41;0:1
2022-10-07 00:34:09;99:43;0:1
2022-10-07 00:34:11;99:45;0:1
2022-10-07 00:34:13;99:47;0:1
2022-10-07 00:34:15;99:49;0:1
2022-10-07 00:34:17;99:51;0:1
2022-10-07 00:34:20;99:53;0:1
2022-10-07 00:34:22;99:56;0:1
2022-10-07 00:34:24;99:58;0:1
2022-10-07 00:34:26;100:0;0:1
2022-10-07 00:34:28;100:2;0:1
2022-10-07 00:34:30;100:4;0:1
2022-10-07 00:34:32;100:6;0:1
2022-10-07 00:34:34;100:8;0:1
2022-10-07 00:34:36;100:10;0:1
2022-10-07 00:34:38;100:12;0:1
2022-10-07 00:34:41;100:14;0:1
2022-10-07 00:34:43;100:16;0:1
2022-10-07 00:34:45;100:19;0:1
2022-10-07 00:34:47;100:21;0:1
2022-10-07 00:34:49;100:23;0:1
2022-10-07 00:34:51;100:25;0:1
2022-10-07 00:34:53;100:27;0:1
2022-10-07 00:34:55;100:29;0:1
2022-10-07 00:34:57;100:31;0:1
2022-10-07 00:34:59;100:33;0:1
2022-10-07 00:35:01;100:35;0:1
2022-10-07 00:35:03;100:37;0:1
2022-10-07 00:35:06;100:39;0:1
2022-10-07 00:35:08;100:41;0:1
2022-10-07 00:35:10;100:43;0:1
2022-10-07 00:35:12;100:45;0:1
2022-10-07 00:35:14;100:47;0:1
2022-10-07 00:35:16;100:49;0:1
2022-10-07 00:35:18;100:51;0:1
2022-10-07 00:35:20;100:53;0:1
2022-10-07 00:35:22;100:56;0:1
2022-10-07 00:35:24;100:57;0:1
2022-10-07 00:35:26;101:0;0:1
2022-10-07 00:35:28;101:2;0:1
2022-10-07 00:35:30;101:4;0:1
2022-10-07 00:35:32;101:6;0:1
2022-10-07 00:35:34;101:8;0:1
2022-10-07 00:35:36;101:10;0:1
2022-10-07 00:35:38;101:12;0:1
2022-10-07 00:35:40;101:14;0:1
2022-10-07 00:35:43;101:16;0:1
2022-10-07 00:35:45;101:18;0:1
2022-10-07 00:35:47;101:20;0:1
2022-10-07 00:35:49;101:23;0:1
2022-10-07 00:35:51;101:25;0:1
2022-10-07 00:35:53;101:27;0:1
2022-10-07 00:35:55;101:29;0:1
2022-10-07 00:35:57;101:31;0:1
2022-10-07 00:35:59;101:33;0:1
2022-10-07 00:36:01;101:35;0:1
2022-10-07 00:36:04;101:37;0:1
2022-10-07 00:36:06;101:39;0:1
2022-10-07 00:36:08;101:41;0:1
2022-10-07 00:36:10;101:44;0:1
2022-10-07 00:36:12;101:46;0:1
2022-10-07 00:36:14;101:48;0:1
2022-10-07 00:36:16;101:50;0:1
2022-10-07 00:36:18;101:52;0:1
2022-10-07 00:36:20;101:54;0:1
2022-10-07 00:36:22;101:56;0:1
2022-10-07 00:36:24;101:58;0:1
2022-10-07 00:36:26;102:0;0:1
2022-10-07 00:36:29;102:2;0:1
2022-10-07 00:36:31;102:5;0:1
2022-10-07 00:36:33;102:7;0:1
2022-10-07 00:36:35;102:9;0:1
2022-10-07 00:36:37;102:11;0:1
2022-10-07 00:36:40;102:13;0:1
2022-10-07 00:36:41;102:15;0:1
2022-10-07 00:36:44;102:17;0:1
2022-10-07 00:36:46;102:19;0:1
2022-10-07 00:36:47;102:21;0:1
2022-10-07 00:36:50;102:23;0:1
2022-10-07 00:36:52;102:25;0:1
2022-10-07 00:36:54;102:27;0:1
2022-10-07 00:36:56;102:29;0:1
2022-10-07 00:36:57;102:31;0:1
2022-10-07 00:37:00;102:33;0:1
2022-10-07 00:37:02;102:35;0:1
2022-10-07 00:37:03;102:37;0:1
2022-10-07 00:37:05;102:39;0:1
2022-10-07 00:37:07;102:41;0:1
2022-10-07 00:37:09;102:43;0:1
2022-10-07 00:37:11;102:45;0:1
2022-10-07 00:37:13;102:47;0:1
2022-10-07 00:37:15;102:49;0:1
2022-10-07 00:37:17;102:51;0:1
2022-10-07 00:37:19;102:53;0:1
2022-10-07 00:37:21;102:55;0:1
2022-10-07 00:37:23;102:57;0:1
2022-10-07 00:37:26;102:59;0:1
2022-10-07 00:37:27;103:1;0:1
2022-10-07 00:37:30;103:3;0:1
2022-10-07 00:37:31;103:5;0:1
2022-10-07 00:37:33;103:7;0:1
2022-10-07 00:37:35;103:9;0:1
2022-10-07 00:37:37;103:11;0:1
2022-10-07 00:37:39;103:13;0:1
2022-10-07 00:37:41;103:15;0:1
2022-10-07 00:37:44;103:17;0:1
2022-10-07 00:37:46;103:19;0:1
2022-10-07 00:37:47;103:21;0:1
2022-10-07 00:37:50;103:23;0:1
2022-10-07 00:37:51;103:25;0:1
2022-10-07 00:37:53;103:27;0:1
2022-10-07 00:37:55;103:29;0:1
2022-10-07 00:37:57;103:31;0:1
2022-10-07 00:37:59;103:33;0:1
2022-10-07 00:38:01;103:35;0:1
2022-10-07 00:38:03;103:37;0:1
2022-10-07 00:38:05;103:39;0:1
2022-10-07 00:38:07;103:41;0:1
2022-10-07 00:38:09;103:43;0:1
2022-10-07 00:38:11;103:45;0:1
2022-10-07 00:38:13;103:46;0:1
2022-10-07 00:38:15;103:48;0:1
2022-10-07 00:38:16;103:50;0:1
2022-10-07 00:38:18;103:52;0:1
2022-10-07 00:38:20;103:54;0:1
2022-10-07 00:38:22;103:56;0:1
2022-10-07 00:38:24;103:58;0:1
2022-10-07 00:38:26;104:0;0:1
2022-10-07 00:38:28;104:2;0:1
2022-10-07 00:38:30;104:4;0:1
2022-10-07 00:38:32;104:6;0:1
2022-10-07 00:38:34;104:7;0:1
2022-10-07 00:38:36;104:9;0:1
2022-10-07 00:38:37;104:11;0:1
2022-10-07 00:38:39;104:13;0:1
2022-10-07 00:38:41;104:15;0:1
2022-10-07 00:38:43;104:17;0:1
2022-10-07 00:38:45;104:19;0:1
2022-10-07 00:38:47;104:21;0:1
2022-10-07 00:38:49;104:23;0:1
2022-10-07 00:38:51;104:24;0:1
2022-10-07 00:38:53;104:26;0:1
2022-10-07 00:38:55;104:28;0:1
2022-10-07 00:38:57;104:30;0:1
2022-10-07 00:38:59;104:32;0:1
2022-10-07 00:39:00;104:34;0:1
2022-10-07 00:39:02;104:36;0:1
2022-10-07 00:39:05;104:38;0:1
2022-10-07 00:39:07;104:41;0:1
2022-10-07 00:39:09;104:43;0:1
2022-10-07 00:39:11;104:45;0:1
2022-10-07 00:39:14;104:47;0:1
2022-10-07 00:39:16;104:50;0:1
2022-10-07 00:39:18;104:52;0:1
2022-10-07 00:39:20;104:54;0:1
2022-10-07 00:39:22;104:56;0:1
2022-10-07 00:39:24;104:58;0:1
2022-10-07 00:39:27;105:0;0:1
2022-10-07 00:39:29;105:2;0:1
2022-10-07 00:39:31;105:5;0:1
2022-10-07 00:39:33;105:7;0:1
2022-10-07 00:39:35;105:9;0:1
2022-10-07 00:39:37;105:11;0:1
2022-10-07 00:39:39;105:13;0:1
2022-10-07 00:39:41;105:15;0:1
2022-10-07 00:39:43;105:17;0:1
2022-10-07 00:39:45;105:19;0:1
2022-10-07 00:39:47;105:21;0:1
2022-10-07 00:39:49;105:23;0:1
2022-10-07 00:39:51;105:25;0:1
2022-10-07 00:39:54;105:27;0:1
2022-10-07 00:39:56;105:29;0:1
2022-10-07 00:39:58;105:31;0:1
2022-10-07 00:40:00;105:33;0:1
2022-10-07 00:40:02;105:35;0:1
2022-10-07 00:40:04;105:38;0:1
2022-10-07 00:40:06;105:40;0:1
2022-10-07 00:40:08;105:42;0:1
2022-10-07 00:40:10;105:44;0:1
2022-10-07 00:40:12;105:46;0:1
2022-10-07 00:40:15;105:48;0:1
2022-10-07 00:40:17;105:50;0:1
2022-10-07 00:40:19;105:53;0:1
2022-10-07 00:40:21;105:55;0:1
2022-10-07 00:40:23;105:57;0:1
2022-10-07 00:40:25;105:59;0:1
2022-10-07 00:40:27;106:1;0:1
2022-10-07 00:40:29;106:3;0:1
2022-10-07 00:40:31;106:5;0:1
2022-10-07 00:40:33;106:7;0:1
2022-10-07 00:40:35;106:9;0:1
2022-10-07 00:40:38;106:11;0:1
2022-10-07 00:40:40;106:13;0:1
2022-10-07 00:40:41;106:15;0:1
2022-10-07 00:40:43;106:17;0:1
2022-10-07 00:40:45;106:19;0:1
2022-10-07 00:40:47;106:21;0:1
2022-10-07 00:40:49;106:23;0:1
2022-10-07 00:40:51;106:25;0:1
2022-10-07 00:40:53;106:27;0:1
2022-10-07 00:40:55;106:29;0:1
2022-10-07 00:40:57;106:31;0:1
2022-10-07 00:40:59;106:33;0:1
2022-10-07 00:41:01;106:35;0:1
2022-10-07 00:41:03;106:37;0:1
2022-10-07 00:41:05;106:39;0:1
2022-10-07 00:41:07;106:41;0:1
2022-10-07 00:41:09;106:43;0:1
2022-10-07 00:41:11;106:45;0:1
2022-10-07 00:41:13;106:47;0:1
2022-10-07 00:41:16;106:49;0:1
2022-10-07 00:41:18;106:51;0:1
2022-10-07 00:41:20;106:53;0:1
2022-10-07 00:41:22;106:55;0:1
2022-10-07 00:41:24;106:58;0:1
2022-10-07 00:41:26;107:0;0:1
2022-10-07 00:41:28;107:2;0:1
2022-10-07 00:41:29;107:2;0:0
